,JID,name,state,gender,party,race,professional experience,election type,term start,term end,next election date
0,b05c0db9-0b0b-472a-9fd9-8de7871b8164,Abigail LeGrow,DE,female,unsure,white,"corporate, judicial","appointed, leg confirmed","may 3, 2023",2035,requires re-nomination and re-confirmation
1,cfbd5291-301d-4e40-b39e-941000c61a63,Adam Tanenbaum,FL,male,republican,white,"government civil (non civil rights), judicial, legislative experience, other exec branch experience",appointed,"january 14, 2026","january 2, 2029",
2,bfdd825b-df12-4b24-b2e5-ad6520fc0fa5,Aimee A. Oravec,AK,female,unsure,white,"corporate, misc. private practice",appointed,"january 31, 2025",2028,2028
3,47ad5d60-c555-488f-a5c6-99674d41be66,Alisa Kelli Wise,AL,female,republican,white,"corporate, misc. private practice, judicial, other exec branch experience","elected, partisan",2011,"january 15, 2029","november 2, 2028"
4,29f9ff1c-5047-431f-b8c0-e5b49db8855a,Allison Riggs,NC,female,democrat,white,"legal aid/non-govt civil rights, judicial",appointed,"september 11, 2023","december 31, 2024","november 7, 2024"
5,8bc86c7c-ed0a-499f-bca5-fdced395bf57,Andrew J. McDonald,CT,male,democrat,white,"corporate, government civil (non civil rights), legislative experience, other exec branch experience","appointed, leg confirmed","january 24, 2013","january 24, 2029",requires re-nomination and re-confirmation
6,5abb850b-5f69-4609-8d83-18b0c03e0d75,Andrew M. Horton,ME,male,democrat,white,"corporate, misc. private practice, judicial","appointed, leg confirmed","february 4, 2020","february 3, 2027",n/a - requires reappointment/confirmation
7,1e31014c-a890-43f9-a442-7915c445534e,Andrew M. Mead,ME,male,democrat,white,"misc. private practice, judicial","appointed, leg confirmed",2007,2028,n/a - requires reappointment/confirmation
8,7e4dc22f-a9d3-41d2-8777-0b386c9a0365,Andrew Pinson,GA,male,republican,white,"corporate, government civil (non civil rights), misc. private practice, judicial",appointed,"july 20, 2022","december 31, 2024","november 4, 2024"
9,2c9e04fb-cf31-4c65-934e-4270305b6fb9,Angela M. Eaves,MD,female,unsure,black,", latino","prosecutor, legal aid/non-govt civil rights, defend criminal legal system, government civil (non civil rights), judicial","appointed, leg confirmed","april 12, 2022","december 31, 2024"
10,119fe047-56f9-4ecc-8670-931882e85773,Angela McCormick Bisig,KY,female,unsure,white,"prosecutor, misc. private practice, judicial","elected, nonpartisan","january 2, 2023",january 2031,"november 5, 2030"
11,4722058c-ddf7-4c7c-a31e-3f2299166e5f,Anita Earls,NC,female,democrat,black,"legal aid/non-govt civil rights, civil rights for govt, plaintiff-side civil private practice, misc. private practice","elected, partisan","january 1, 2019","december 31, 2026","november 3, 2026"
12,e73b93b0-c73f-498b-8edf-137b86ea6e79,Ann A. Scott Timmer,AZ,female,unsure,white,"prosecutor, public defender/other indigent defense, corporate, misc. private practice, judicial","appointed, retention elected",2012,"january 1, 2029","november 2, 2028"
13,f2341d8e-a28e-430f-b74b-3ddda87cd78c,Anna Blackburne-Rigsby,DC,female,unsure,black,"corporate, government civil (non civil rights), judicial, other exec branch experience","appointed, leg confirmed",2006,"march 17, 2025",n/a
14,ec357462-7f2f-4e06-9209-38f95ed05071,Anne K. McKeig,MN,female,unsure,native american,"prosecutor, judicial, law professor/academia","appointed, elected, nonpartisan","september 15, 2016","january 7, 2025","november 5, 2024"
15,66bcd16a-4991-4cb1-9d68-ab34b00dc527,Anne M. Patterson,NJ,female,republican,white,"prosecutor, corporate, government civil (non civil rights), misc. private practice","appointed, leg confirmed","september 1, 2011","april 15, 2029",no-reelection - must be renominated and re-confirmed
16,79ac797f-7b5e-4b7c-a43a-febe6c73eea3,"Annette Kingsland
  Ziegler",WI,female,republican,white,"prosecutor, misc. private practice, judicial","elected, nonpartisan","august 1, 2007","july 31, 2027","april 6, 2027"
17,7663328f-69c5-4c03-bde9-0999f8c37df0,Anthony Cannataro,NY,male,democrat,white,"government civil (non civil rights), judicial","appointed, leg confirmed","june 8, 2021","june 1, 2035",have to be renominated and leg elected
18,d7545df7-3c8d-46a7-a660-ddb6e2be61ae,Aruna Masih,OR,female,unsure,indian american,", punjabi",", south asian american","legal aid/non-govt civil rights, plaintiff-side civil private practice, misc. private practice",appointed,"september 1, 2023"
19,d488f1bb-9011-41fe-a83d-b34bb6feae41,Barbara A. Madsen,WA,female,democrat,white,"prosecutor, public defender/other indigent defense, judicial","elected, nonpartisan","january 11, 1993","january 1, 2029","november 7, 2028"
20,a8d788e7-42fc-412f-8bac-d228400d4240,Barbara Webb,AR,female,unsure,white,"prosecutor, corporate, misc. private practice, judicial, other exec branch experience","elected, nonpartisan","january 1, 2021","december 31, 2028","november 7, 2028"
21,a0c31585-9498-45c6-90f4-3fe06f765c1a,Benjamin A. Land,GA,male,unsure,white,"corporate, judicial",appointed,"july 24, 2025","december 31, 2026","november 3, 2026"
22,b5da8734-3cfd-4b1c-89bd-e3f5a2bcdcbb,Bert Richardson,TX,male,republican,white,"prosecutor, judicial","elected, partisan","january 1, 2015","december 31, 2026","november 3, 2026"
23,7dc8692b-ff0b-4a53-963b-9bddb250c6a8,Beth Baker,MT,female,democrat,white,"prosecutor, defend criminal legal system, government civil (non civil rights), misc. private practice, judicial","elected, retention elected, nonpartisan","january 3, 2011","december 31, 2026","november 3, 2026"
24,3b60527f-c08a-4cbe-9185-a010df20e914,"Brady E. Mendheim, Jr.",AL,male,republican,white,"prosecutor, misc. private practice, judicial","appointed, elected, partisan","december 28, 2018","january 18, 2027","november 3, 2026"
25,b3cf085e-f8f9-44e5-8567-c62e410aa14b,Brett Busby,TX,male,republican,white,"corporate, plaintiff-side civil private practice, misc. private practice, judicial","elected, appointed, partisan","march 20, 2019","december 31, 2026","november 3, 2026"
26,4585fcce-5a40-48ea-afb8-248951fd79ac,Brian D. Boatright,CO,male,unsure,white,"prosecutor, misc. private practice, judicial","appointed, retention elected","november 21, 2011","january 13, 2025","november 5, 2024"
27,b8b8a113-cccb-41e1-929e-093ccf6cd2d6,Brian Hagedorn,WI,male,republican,white,"prosecutor, corporate, judicial, other exec branch experience","elected, nonpartisan","august 1, 2019",2029,april 2029
28,1a59b8ab-c648-4df1-906c-b3f0706731a0,Brian K. Zahra,MI,male,republican,white,"corporate, misc. private practice, judicial","appointed, elected, partisan primary / nonpartisan general",2011,"january 1, 2031","november 5, 2030"
29,4aee6219-b561-450b-b24b-186af0eecff3,Briana Zamora,NM,female,democrat,latino,"prosecutor, public defender/other indigent defense, government civil (non civil rights), plaintiff-side civil private practice, misc. private practice, judicial, other exec branch experience","appointed, partisan, elected","august 9, 2021","december 31, 2030","november 5, 2030"
30,f7c761d1-6b65-4364-9861-63d01a202411,Bronson James,OR,male,democrat,white,"public defender/other indigent defense, plaintiff-side civil private practice, misc. private practice, judicial",appointed,"january 1, 2023","january 6, 2025","november 5, 2024"
31,596c3674-4e67-4aed-b1d6-2f2fb1d80e32,Bryan K. Gould,NH,male,republican,white,"corporate, other exec branch experience","appointed, exec council confirmation","september 18, 2025",2029 (when he turns 70),no election - governor appointment until retirement age
32,0c820cc4-cf91-490c-8a47-2ba1341f5995,Brynja M. Booth,MD,female,unsure,white,"government civil (non civil rights), misc. private practice, other exec branch experience","appointed, leg confirmed, retention elected","march 22, 2019","december 31, 2030","november 5, 2030"
33,bd2792a5-581c-47c6-b869-63b5e9566e1b,C. Shannon Bacon,NM,female,democrat,white,"plaintiff-side civil private practice, misc. private practice, judicial","appointed, elected, partisan","february 4, 2019",december 2026,"november 3, 2026"
34,431f1578-2a9e-4037-8ec3-96258fd038bb,Cade Cole,LA,male,republican,white,"prosecutor, government civil (non civil rights), judicial","elected, partisan",march 2025,"december 31, 2026","november 3, 2026"
35,72efb75c-3b40-4ed3-89f5-214085cb7a16,Caitlin Halligan,NY,female,democrat,white,"prosecutor, corporate, government civil (non civil rights), misc. private practice","appointed, leg confirmed","april 19, 2023","april 19, 2037",have to be renominated and leg elected
36,92fa9a19-4aaf-42e6-9794-bd3e2c14124e,Caleb Stegall,KS,male,republican,white,"prosecutor, misc. private practice, judicial","appointed, retention elected","december 5, 2014","january 1, 2029","november 7, 2028"
37,716b2384-ba9a-43bd-869a-0659fa1dcacd,Carla Wong McMillian,GA,female,republican,asian american,"corporate, misc. private practice, judicial",appointed,"april 10, 2020","december 31, 2028","november 7, 2028"
38,f79c9546-d806-4f92-bb4f-717129ea5f87,"Carlos A. Samour, Jr.",CO,male,unsure,latino,"prosecutor, corporate, judicial","appointed, retention elected","july 2, 2018","january 14, 2031","november 5, 2030"
39,bc1b7e8b-2923-4395-96ac-5063266353fa,Carlos G. Muñiz,FL,male,republican,latino,"civil rights for govt, corporate, government civil (non civil rights), legislative experience, other exec branch experience","appointed, retention elected","january 22, 2019","january 5, 2027","november 3, 2026"
40,38f41ada-bec7-456b-9d8c-9d1e9fe20258,Carol A. Corrigan,CA,female,unsure,white,"prosecutor, judicial","appointed, retention elected",2006,"january 5, 2031","november 5, 2030"
41,0b66dca0-f81d-4982-bab3-9dbf17799cb5,Catharine F. Easterly,DC,female,unsure,white,"public defender/other indigent defense, corporate","appointed, leg confirmed",2011,"november 18, 2026",n/a
42,5e676fc5-87cf-4f24-93f4-34c0fe6e9fc8,Catherine R. Connors,ME,female,unsure,white,"corporate, misc. private practice","appointed, leg confirmed","january 6, 2020","february 3, 2027",n/a - requires reappointment/confirmation
43,103bd439-1d81-45e0-916a-a24b2cc12da1,Charles J. Bethel,GA,male,republican,white,"corporate, misc. private practice, judicial, legislative experience","appointed, elected, nonpartisan","october 2, 2018","december 31, 2026","november 3, 2026"
44,82660199-a6b2-4326-9d9c-ee031bde81eb,Charles Trump,WV,male,republican,white,"corporate, misc. private practice, judicial, legislative experience","elected, nonpartisan","january 1, 2025","january 1, 2036",
45,93ff17ca-e991-419c-9740-5f1812f1a73c,Charles W. Johnson,WA,male,democrat,white,"public defender/other indigent defense, plaintiff-side civil private practice, misc. private practice","elected, nonpartisan","january 14, 1991","january 10, 2027","november 3, 2026 - turns 75, age limit, in 2026"
46,bbc0d047-da49-44ff-9d51-0808a360c3db,Chris Garrett,OR,male,democrat,white,"corporate, misc. private practice, judicial, legislative experience","elected, appointed, nonpartisan","january 1, 2019",january 2027,"november 3, 2026"
47,b954c4bc-763f-4957-8000-d6795ca3b36b,Chris McCool,AL,male,republican,white,"prosecutor, misc. private practice, judicial",elected,2024,,
48,f39ebcb4-a753-44c6-bfc8-7871b0a4dcbf,Christina Nolan,VT,female,republican,white,prosecutor,"appointed, leg retention","february 3, 2026",2029,
49,44024c81-6905-48e5-ab78-e56332bb990e,Christine Donohue,PA,female,democrat,white,"corporate, plaintiff-side civil private practice, misc. private practice, judicial","elected, partisan","january 8, 2016",january 2026,"november 4, 2025"
50,d7c31d42-525d-4efd-88fe-90a002905bbc,Christopher M Goff,IN,male,republican,white,"public defender/other indigent defense, plaintiff-side civil private practice, misc. private practice, judicial","appointed, retention elected","july 24, 2017","december 31, 2030","november 5, 2030"
51,91bbf238-7f13-48a8-bffc-8f667d7083a2,Christopher McDonald,IA,male,republican,white,", vietnamese",", asian american","corporate, misc. private practice, judicial","appointed, retention elected","april 5, 2019"
52,a0072e37-de66-4aaf-bcfa-4ce9e44d7703,Christopher Shea Nickell,KY,male,democrat,white,"prosecutor, public defender/other indigent defense, corporate, misc. private practice, judicial, law professor/academia","elected, nonpartisan","december 11, 2019",january 2031,"november 5, 2030"
53,ca7688ff-6a6b-4c65-b9bb-d1d9db613e6e,Cleo E. Powell,VA,female,democrat,black,"civil rights for govt, corporate, misc. private practice, judicial",leg elected,"august 1, 2011","july 31, 2023",leg will have opp to reappoint at end of term
54,db17d886-6233-4423-99a1-9f84385fefcf,Clint Bolick,AZ,male,republican,white,"civil rights for govt, other public interest org","appointed, retention elected","january 5, 2016",january 2025,"november 5, 2024"
55,39827eac-cb15-46c2-9a5b-2a8608f0c79a,Colleen D. Zahn,ID,female,republican,white,"prosecutor, defend criminal legal system, government civil (non civil rights), misc. private practice","appointed, elected, nonpartisan","july 14, 2021","january 1, 2029","november 7, 2028"
56,ab503cf8-5200-4299-97e0-f1fffd9c9bd1,Colleen Melody,WA,female,democrat,white,civil rights for govt,appointed,"january 1, 2026","january 31, 2026","november 3, 2026"
57,23a534aa-85f7-4fab-b312-0726dbfeb169,"Collins J. Seitz, Jr.",DE,male,democrat,white,"corporate, misc. private practice","appointed, leg confirmed",2015,"november 8, 2031",requires re-nomination and re-confirmation
58,8e5e26f3-7e7e-41fa-92b1-d8f5aa6c9ac3,Corinne A. Beckwith,DC,female,unsure,white,"public defender/other indigent defense, other public interest org","appointed, leg confirmed","february 3, 2012","february 3, 2027",n/a
59,a0cb2227-7910-4fb4-a6ac-7bd08f4a26de,Cory Swanson,MT,male,unsure,white,"prosecutor, misc. private practice","elected, retention elected","january 6, 2025",,
60,02a8bd8f-1869-438c-b911-6b745e8e0aa5,Courtney Rae Hudson,AR,female,republican,white,"plaintiff-side civil private practice, misc. private practice, judicial","elected, nonpartisan","january 1, 2011","december 31, 2026","november 3, 2026"
61,a80cf94b-add6-4142-89fb-0c424e929ccb,Cynthia Meyer,ID,female,unsure,white,"misc. private practice, judicial","appointed, elected, nonpartisan","november 1, 2023","january 4, 2027","november 3, 2026"
62,782534a6-3380-4838-8ade-7c31b963160e,D. Arthur Kelsey,VA,male,republican,white,"corporate, judicial",leg elected,"march 6, 2015","january 31, 2027",leg will have opp to reappoint at end of term
63,679f585d-b57e-437a-b195-9ddf4d3ca530,D. Garrison Hill,SC,male,republican,white,"misc. private practice, judicial",leg elected,"february 8, 2023","july 31, 2033",general assembly vote during session
64,c9b0fb8d-72c8-4539-9383-7398d075ac2d,Dalila Argaez Wendlandt,MA,female,unsure,latino,"misc. private practice, judicial","appointed, exec council confirmation","december 4, 2020",reaches retirement age in 2038,n/a
65,fdcb5fb8-5388-40f4-9596-ed58b416cfab,Dan Biles,KS,male,democrat,white,"government civil (non civil rights), misc. private practice, other exec branch experience","appointed, retention elected","january 7, 2009","january 1, 2029","november 7, 2028"
66,72eefd36-16e1-4237-a14e-438046c518d5,Dan Hawkins,OH,male,republican,white,"prosecutor, judicial","elected, partisan primary / nonpartisan general","december 10, 2024","january 1, 2029",
67,598fa92c-30b5-405c-a42f-5f8742ce5f57,Dana Kuehn,OK,female,republican,white,"prosecutor, misc. private practice, judicial","appointed, retention elected","august 2, 2021",january 2027,"november 3, 2026"
68,a888f0fd-2bbb-4123-90ce-387cae4c08f4,Dana Oxley,IA,female,republican,white,"corporate, misc. private practice, judicial","appointed, retention elected","february 24, 2020","december 31, 2030","november 5, 2030"
69,a0942dc1-61e7-4f84-adb7-a536f33bf7ca,Daniel E. Will,NH,male,,white,"prosecutor, corporate, government civil (non civil rights), judicial","appointed, exec council confirmation",tbd,,no election - governor appointed
70,14c1aa14-2d74-45c9-af6b-13d7a9454649,Daniel J. Crothers,ND,male,republican,white,"prosecutor, misc. private practice","appointed, elected, nonpartisan",2005,"december 31, 2032","november 2, 2032"
71,4e756a51-b4fb-4120-a53d-ce38b2240e59,Daniel McCaffery,PA,male,democrat,white,"prosecutor, misc. private practice, judicial",elected,"january 11, 2024","december 31, 2033","november 8, 2033"
72,26600207-ff00-45c5-bf9c-11433418cb40,Dario Borghesan,AK,male,unsure,white,government civil (non civil rights),appointed,"july 1, 2020","february 2, 2025","november 5, 2024"
73,c607e692-c53e-404e-8762-95086d5c91f2,David K. Overstreet,IL,male,republican,white,"misc. private practice, judicial","elected, partisan","december 7, 2020","december 2, 2030","november 5, 2030"
74,476742de-37c7-42f3-94ca-cf901f755c2a,David K. Thomson,NM,male,democrat,white,"defend criminal legal system, government civil (non civil rights), plaintiff-side civil private practice, misc. private practice, judicial, legislative experience","appointed, elected, partisan","february 4, 2019",december 2026,"november 3, 2026"
75,71aa339b-58f6-4e58-b211-1874b0e4c1ed,David Lewis,OK,male,unsure,black,"prosecutor, misc. private practice, judicial","appointed, retention elected",2005,"january 13, 2025","november 5, 2024"
76,f89afde2-fa55-4d5c-bfb7-e10d86710ef0,David M. Ishee,MS,male,republican,white,"public defender/other indigent defense, corporate, misc. private practice, judicial","appointed, elected, nonpartisan","september 18, 2017","december 31, 2028","november 7, 2028"
77,c255b0b5-a4e6-4eed-9e6c-4f515239bdf4,David N. May,IA,male,republican,white,"corporate, misc. private practice, judicial",appointed,"july 27, 2022","december 31, 2024","november 8, 2024"
78,627792df-603c-43da-a5b6-cde0fa612dd0,David N. Wecht,PA,male,democrat,white,"corporate, plaintiff-side civil private practice, misc. private practice, judicial","elected, partisan","january 7, 2016","january 4, 2026","november 4, 2025"
79,effbf1d2-6d44-489a-bc9b-2f0b64ea1791,David Newell,TX,male,republican,white,prosecutor,"elected, partisan","january 1, 2015","december 31, 2026","november 3, 2026"
80,32ddb72c-d843-4d4b-ac59-697e895a268a,David Schneck,TX,male,republican,white,"prosecutor, corporate, government civil (non civil rights), misc. private practice, judicial","elected, partisan","january 1, 2025","january 1, 2031",
81,8b17eaba-b16a-4514-80e2-2b6f11facb58,David Sullivan,MS,male,unsure,white,"prosecutor, public defender/other indigent defense, judicial","elected, nonpartisan","january 6, 2025","january 2, 2033",
82,e2a36d2c-327d-405a-8dac-bd958f061c1b,Debra Hembree Lambert,KY,female,democrat,white,"prosecutor, misc. private practice, judicial, other exec branch experience","elected, nonpartisan","january 7, 2019",january 2027,"november 3, 2026"
83,0fc185e1-1f9e-4038-a61a-e04d8df5c849,Debra L. Stephens,WA,female,democrat,white,"plaintiff-side civil private practice, judicial","appointed, elected, nonpartisan","january 1, 2008","january 10, 2027","november 3, 2026"
84,99cb3f0f-8f35-4a77-9311-de5beabfa970,Debra Lehrmann,TX,female,republican,white,"government civil (non civil rights), misc. private practice, judicial","elected, appointed, partisan","june 21, 2010","december 31, 2028","november 7, 2028"
85,20f4ac3e-3ff7-4080-ac19-c9c1dd58909c,Debra Todd,PA,female,democrat,white,"corporate, plaintiff-side civil private practice, misc. private practice, judicial","elected, retention elected, partisan",2008,"january 3, 2028","november 8, 2027"
86,17514d88-0fcc-454b-a4f5-b0e0894cd093,Derek Molter,IN,male,unsure,white,"corporate, judicial",appointed,"september 1, 2022",,"november 5, 2024"
87,f0f6bc5c-5b00-4910-9e56-7d7ddbce199f,Derek Vaughn,NE,male,unsure,black,"prosecutor, government civil (non civil rights), judicial",appointed,"november 10, 2025","december 31, 2030","november 5, 2030"
88,44ce9822-b910-4452-ad9b-87a3a6af1b43,Diana Hagen*,UT,female,unsure,white,"prosecutor, corporate, misc. private practice, judicial","appointed, leg confirmed",tbd - likely to be confirmed 5/11/2022,tbd,tbd
89,bc739377-ecd9-432c-933e-3d8449bb6deb,Douglas Bahr,ND,male,unsure,white,"prosecutor, government civil (non civil rights), misc. private practice, judicial, other exec branch experience",appointed,"february 1, 2023","december 31, 2025",tbd
90,e8c77ef2-8487-4eb4-9249-d2b48c167d2b,Douglas Fasciale,NJ,male,republican,white,"misc. private practice, judicial","appointed, leg confirmed","october 21, 2022","october 1, 2029","no-reelection - must be renominated and re-confirmed - mandatory retirement date is august 17, 2024"
91,e45433dc-f0b5-4716-8ba5-a79dc4788eeb,Douglas Herndon,NV,male,republican,white,"prosecutor, judicial","elected, nonpartisan","january 4, 2021","january 3, 2027","november 3, 2026"
92,7db7c102-a88c-4e3b-ab04-78f7a70cb324,Douglas L. Combs,OK,male,democrat,white,"prosecutor, misc. private practice, judicial","appointed, retention elected",2010,"january 1, 2029","november 7, 2028"
93,61e07cd0-832b-490e-b659-7ea314f4a8a7,Dustin P. Rowe,OK,male,republican,white,"government civil (non civil rights), plaintiff-side civil private practice, misc. private practice, judicial, legislative experience, other exec branch experience","appointed, retention elected","february 24, 2020","january 1, 2029","november 7, 2028"
94,f46459c2-d754-45eb-88e7-4b73972f054d,Dwight Tarwater,TN,male,republican,white,"plaintiff-side civil private practice, misc. private practice, judicial, law professor/academia, legislative experience, other exec branch experience",appointed,"september 1, 2023",2024,"august 6, 2024"
95,60832bc8-1e20-46a3-ae49-af4ac9a8d73d,Edward M. Mansfield,IA,male,unsure,white,"misc. private practice, judicial","appointed, retention elected",2011,"december 31, 2028","november 7, 2028"
96,2cb01c87-ddbe-4857-9b84-f1ed95095f66,Elissa F. Cadish,NV,female,democrat,white,"government civil (non civil rights), misc. private practice, judicial, legislative experience, other exec branch experience","elected, nonpartisan",2019,"january 6, 2025","november 5, 2024"
97,994d93bd-bb8b-4072-ba90-713cbaf9c8b4,Elizabeth “Bessie” Dewar,MA,female,democrat,white,"legal aid/non-govt civil rights, civil rights for govt, other public interest org, corporate, government civil (non civil rights), misc. private practice","appointed, exec council confirmation","january 16, 2024","july 4, 2050",n/a
98,ca54874e-50ab-438d-90c6-9ca9c2e34aef,Elizabeth M. Welch,MI,female,democrat,white,misc. private practice,"elected, partisan primary / nonpartisan general","january 1, 2021","january 1, 2029","november 7, 2028"
99,3ad4e342-9576-4125-aabc-9f76dd91019b,Elizabeth Rochford,IL,female,democrat,white,"prosecutor, misc. private practice, judicial","elected, partisan","december 5, 2022","december 6, 2032","november 2, 2032"
100,989958e3-0749-4093-9f15-9a196c5016a5,Elizabeth T. Clement,MI,female,republican,white,"misc. private practice, legislative experience, other exec branch experience","appointed, elected, partisan primary / nonpartisan general",2017,"january 1, 2027","november 3, 2026"
101,f4789ae7-9092-4cd0-83b6-175d256289cc,Eric S. Rosen,KS,male,democrat,white,"prosecutor, public defender/other indigent defense, misc. private practice, judicial, other exec branch experience","appointed, retention elected",2005,"january 11, 2027","november 3, 2026"
102,047f9c29-9247-4a50-ab3d-052645a80dca,Erin Lynch Prata,RI,female,democrat,white,"misc. private practice, legislative experience","appointed, leg confirmed","january 4, 2021",lifetime,n/a - appointed for life
103,0c73b0ff-ae19-402a-97d1-452401c6b19f,Evan Young,TX,male,republican,white,"defend criminal legal system, corporate, government civil (non civil rights), misc. private practice","appointed, elected, partisan","november 1, 2021","december 31, 2028","november 7, 2028"
104,5d066626-a28c-418a-b1a0-bd6d18948af6,Fabiana Pierre-Louis,NJ,female,democrat,black,"prosecutor, corporate, plaintiff-side civil private practice, misc. private practice","appointed, leg confirmed","september 1, 2020",september 2027,no-reelection - must be renominated and re-confirmed
105,0c19522d-d181-4fc5-80a4-46fd1157608c,Frank M. Gaziano,MA,male,unsure,white,"prosecutor, corporate, misc. private practice, judicial","appointed, exec council confirmation","august 18, 2016","reaches retirement age on september 8, 2033",n/a
106,fc86ccdb-1e82-4d7f-b0a2-048be6acf2fd,G. Helen Whitener,WA,female,democrat,black,"prosecutor, public defender/other indigent defense, misc. private practice, judicial","appointed, elected, nonpartisan","april 24, 2020","january 1, 2029",november 2028
107,c7ea6a75-7225-4d27-ad35-20932a5bb3bf,G. Richard Bevan,ID,male,republican,white,"prosecutor, misc. private practice, judicial","appointed, elected, nonpartisan","september 27, 2017","january 6, 2025","november 5, 2024"
108,27a51ae8-8b88-460c-acbc-54bdd2b31eab,Gabrielle Wolohojian,MA,female,democrat,white,"corporate, misc. private practice, judicial","appointed, exec council confirmation","february 28, 2024","reaches retirement age on december 26, 2030",n/a
109,8c328fdf-de7e-4888-97d8-f5decf731609,Gary F. Traynor,DE,male,republican,white,"public defender/other indigent defense, corporate, plaintiff-side civil private practice, misc. private practice","appointed, leg confirmed","july 5, 2017","july 5, 2029",requires re-nomination and re-confirmation
110,84b8cdd9-8a2c-4f3f-a361-1bba37bdd500,Gary Lumpkin,OK,male,republican,white,"prosecutor, government civil (non civil rights), judicial, other exec branch experience","appointed, retention elected",1989,"january 11, 2027","november 3, 2026"
111,ee3c16c3-215e-4652-bc0b-8b966f1cf8c9,Geoffrey G Slaughter,IN,male,republican,white,"corporate, other exec branch experience","appointed, retention elected","june 13, 2016","december 31, 2028","november 7, 2028"
112,354bbadd-44e6-4a55-a94e-bc31437b53b0,"George C. James, Jr.",SC,male,republican,white,"defend criminal legal system, corporate, plaintiff-side civil private practice, misc. private practice, judicial",leg elected,"february 7, 2017","july 31, 2030",general assembly vote during session
113,1e008187-e7b6-4d2d-87c8-f7eb2113f584,Gerald Titus,WV,male,unsure,white,"prosecutor, public defender/other indigent defense, corporate",appointed,"november 21, 2025","december 31, 2026",november 2026
114,56527aaa-5d06-4d9e-8dfb-881b631d9409,Gina Parker,TX,female,republican,white,"prosecutor, misc. private practice","elected, partisan","january 1, 2025",january 2031,
115,707b1595-27d3-4d73-9014-ac2554c25a12,Ginger Gooch,MO,female,republican,white,"misc. private practice, judicial","appointed, retention elected","november 1, 2023","november 4, 2024","november 5, 2024"
116,87d30cd4-e222-4358-bcfb-ab63015dd095,Goodwin H. Liu,CA,male,democrat,asian american,"corporate, law professor/academia, other exec branch experience","appointed, retention elected","september 1, 2011","january 1, 2035","november 2, 2034"
117,eebabd77-67db-47e7-9351-b01d00cc5df5,Gordon J. MacDonald,NH,male,republican,white,"prosecutor, corporate, government civil (non civil rights)","appointed, exec council confirmation","march 4, 2021","november 27, 2031 (age of retirement)",no election - governor appointment until retirement age
118,182dd8fb-20f4-4c7a-a80a-061d7aeb5d31,Gordon Moore,MN,male,unsure,white,"prosecutor, government civil (non civil rights), plaintiff-side civil private practice, misc. private practice, judicial","appointed, nonpartisan, elected","august 3, 2020","january 1, 2029","november 7, 2028"
119,38ffbfcd-ae66-4f9e-a13e-7e6d65394e0f,Greg Cook,AL,male,republican,white,"other public interest org, corporate, misc. private practice","elected, partisan","january 16, 2023",january 2029,"november 2, 2028"
120,6abc7659-6b2d-4f70-9007-123b579495d3,Greg Shaw,AL,male,republican,white,"misc. private practice, judicial","elected, partisan",2009,"january 18, 2027","november 3, 2026"
121,59159d8b-6db2-4865-8d33-1fcb35925a51,Gregory T. D’Auria,CT,male,democrat,white,"corporate, government civil (non civil rights)","appointed, leg confirmed","april 10, 2017","march 8, 2025",requires re-nomination and re-confirmation
122,37c6f670-fc07-485b-b9eb-0b5c03a1a481,Gregory W. Moeller,ID,male,republican,white,"misc. private practice, judicial","appointed, elected, nonpartisan","january 3, 2019","january 4, 2027","november 3, 2026"
123,2afa7330-eac4-4ac2-b06f-0d7e676bc157,Haley Bunn,WV,female,republican,white,"prosecutor, defend criminal legal system, corporate",appointed,"april 6, 2022",2024,"may 1, 2024"
124,af7c649c-0d60-4069-af9b-2eb90b8bac45,"Harold E. Eaton, Jr.",VT,male,unsure,white,"prosecutor, corporate, plaintiff-side civil private practice, misc. private practice, judicial","appointed, leg retention","october 27, 2014","march 31, 2023",vt general assembly votes to retain at end of term
125,f428f8de-f26e-492e-a431-ed01c719d906,Holly Kirby,TN,female,republican,white,"corporate, government civil (non civil rights), misc. private practice, judicial","retention elected, appointed","september 1, 2014","september 1, 2030","august 6, 2030"
126,68755647-cc5e-419f-8458-a363ceba5a35,Ingrid Gustafson,MT,female,unsure,white,"public defender/other indigent defense, plaintiff-side civil private practice, misc. private practice, judicial, other exec branch experience","appointed, elected, retention elected, nonpartisan","january 1, 2018","december 31, 2030","november 5, 2030"
127,7209e0fd-b2a3-43e9-9c33-1f23e22ac1ca,J. Cody Hiland,AR,male,republican,white,"prosecutor, misc. private practice, other exec branch experience",appointed,"july 3, 2023","january 1, 2025","november 7, 2024"
128,c6fbc66b-9c88-457b-94ca-2932ee5b70d5,James A. Rice,MT,male,republican,white,"public defender/other indigent defense, misc. private practice, legislative experience","appointed, retention elected, elected, nonpartisan",2001,"december 31, 2030","november 5, 2030"
129,f6026fa8-5086-4622-8a2b-830aa0b3513b,James D. Maxwell II,MS,male,republican,white,"prosecutor, corporate, misc. private practice, judicial","appointed, elected, nonpartisan","january 4, 2016","january 5, 2025","november 5, 2024"
130,72cd1357-f2ec-4aeb-a3e6-fb455a797bed,James E. Edmondson,OK,male,democrat,white,"prosecutor, misc. private practice, judicial","appointed, retention elected",2003,january 2025,"november 5, 2024"
131,4ea47f54-2c78-4839-9184-7c76e634087d,James Jeremiah Shea,MT,male,democrat,white,"public defender/other indigent defense, plaintiff-side civil private practice, misc. private practice, judicial","appointed, elected, retention elected, nonpartisan",2014,"december 31, 2028","november 7, 2028"
132,1f501121-c8a0-4673-a372-49e8f927aec5,James P. Beene,AZ,male,republican,white,"prosecutor, judicial, other exec branch experience","appointed, retention elected",2019,"january 1, 2029","november 2, 2028"
133,92233020-9b2f-4d07-8248-c8a58dd53bd6,James P. Sullivan,TX,male,republican,white,"prosecutor, government civil (non civil rights), misc. private practice, judicial, law professor/academia, legislative experience, other exec branch experience","elected, partisan","january 7, 2025",2026,"november 3, 2026"
134,091af877-8fe5-4059-adc2-7f80be6abd5e,James R. Winchester,OK,male,republican,white,"misc. private practice, judicial","appointed, retention elected",2000,"january 1, 2029","november 7, 2028"
135,e4ec4ed1-4ca6-490b-98b4-537f8da85494,Jamie R. Grosshans,FL,female,unsure,white,"prosecutor, misc. private practice, judicial","appointed, retention elected","september 14, 2020",january 2029,"november 7, 2028"
136,c39fd900-48bb-4b9d-916d-f645128a685d,Jane Bland,TX,female,republican,white,"corporate, misc. private practice, judicial","elected, appointed, partisan","august 26, 2019","december 31, 2024","november 5, 2024"
137,cdb135b6-a75f-4553-931a-406f7f577d64,Janet Protasiewicz,WI,female,democrat,white,"prosecutor, judicial","elected, nonpartisan","july 31, 2023",2033,april 2033
138,95de1c41-e61d-42a4-be76-8118b9b80302,Jason M. Bergevin,NE,male,republican,white,"prosecutor, public defender/other indigent defense, judicial","appointed, retention elected","january 2, 2025",2028,2028
139,a000f74e-6c03-4f0a-9c5a-187f87d56102,Jay B. McCallum,LA,male,republican,white,"prosecutor, public defender/other indigent defense, misc. private practice, judicial, legislative experience","elected, partisan",november 2020,"december 31, 2026","november 3, 2026"
140,02a4a66a-305d-466a-b6d2-8106f3e519e8,Jefferson D. Hughes III,LA,male,republican,white,"misc. private practice, judicial","elected, partisan",february 2013,"december 31, 2028","november 7, 2028"
141,3e446032-11d3-4e1f-bdbf-7b5a8e9e4a50,Jeffrey J. Funke,NE,male,republican,white,"prosecutor, public defender/other indigent defense, misc. private practice, judicial","appointed, retention elected","august 2, 2016","january 7, 2027","november 3, 2026"
142,b533f2ad-90b5-4060-9833-924f57558a34,Jeffrey S. Bivins,TN,male,republican,white,"civil rights for govt, corporate, misc. private practice, judicial, other exec branch experience","retention elected, appointed","july 15, 2014","september 1, 2030","august 6, 2030"
143,265f2106-1ea0-4ee8-9946-18161b03fa69,Jenifer Branning,MS,female,unsure,white,"prosecutor, misc. private practice","elected, nonpartisan","january 6, 2025","january 2, 2033",
144,066c9ca2-e214-4481-9b5c-2f200c435a03,Jennifer Brunner,OH,female,democrat,white,"plaintiff-side civil private practice, misc. private practice, judicial, legislative experience, other exec branch experience","elected, partisan primary / nonpartisan general","january 2, 2021","january 1, 2027","november 3, 2026"
145,0ca91b9a-4b4f-43da-9179-0224db4046b4,Jennifer S. Henderson,AK,female,unsure,white,"prosecutor, corporate, misc. private practice, judicial",appointed,"july 7, 2021","february 2, 2025","november 5, 2024"
146,c0587cef-090b-4e39-aec5-fc6619c900f0,Jenny Rivera,NY,female,democrat,latino,"legal aid/non-govt civil rights, civil rights for govt, judicial, law professor/academia","appointed, leg confirmed","february 11, 2013","february 10, 2027",have to be renominated and leg elected
147,1b1f9462-c32d-455b-9e51-93408fdcc03b,Jerod Tufte,ND,male,republican,white,"prosecutor, corporate, misc. private practice, judicial, other exec branch experience","elected, nonpartisan","january 1, 2017","december 31, 2026","november 3, 2026"
148,abd9cb62-af94-4274-8174-6f957bbff477,"Jesse F McClure, III",TX,male,republican,black,"prosecutor, corporate, government civil (non civil rights), misc. private practice, judicial, other exec branch experience","appointed, elected, partisan","january 1, 2021","december 31, 2028","november 7, 2028"
149,59da2479-9b51-4229-a39d-68cbce9de6ed,Jill J. Karofsky,WI,female,democrat,white,"prosecutor, judicial","elected, nonpartisan","august 1, 2020",2030,"april 2, 2030"
150,8a663a95-f09e-4e08-8249-53e28691266d,Jill Pohlman,UT,female,unsure,white,"misc. private practice, judicial","appointed, leg confirmed","august 17, 2022","december 31, 2027","november 8, 2027"
151,fb78dcb7-3365-4c2f-868d-2b1b6a0728c4,Jimmy Blacklock,TX,male,republican,white,"civil rights for govt, corporate, government civil (non civil rights), misc. private practice, other exec branch experience","elected, appointed, partisan","january 2, 2018","december 31, 2024","november 5, 2024"
152,0bae36e2-3ae3-4715-867d-23be9033ea04,John Cannon Few,SC,male,republican,white,"plaintiff-side civil private practice, misc. private practice, judicial",leg elected,"february 9, 2016","july 31, 2026",general assembly vote during session
153,58a6b3e7-ad8c-486a-bb94-3b5517991905,John D. Couriel,FL,male,republican,latino,"prosecutor, corporate, misc. private practice","appointed, retention elected","june 1, 2020",january 2029,"november 7, 2028"
154,0481dda3-e37e-4294-8b7b-8cea57dc5713,John G. Fenn,WY,male,unsure,white,"misc. private practice, judicial",appointed,"january 17, 2022","january 6, 2025",aging out at term end
155,f5477da4-b319-49f0-aaac-0179c630786e,John Guidry,LA,male,democrat,black,"judicial, legislative experience","elected, partisan","january 1, 2025",,
156,e8e85e5b-1741-4baf-b9b0-1e73234ce525,John J. Ellington,GA,male,unsure,white,"misc. private practice, judicial","elected, nonpartisan","december 18, 2018","december 31, 2024","november 5, 2024"
157,4879e274-db0a-431e-994e-ae0516dad5f7,John Jay Hoffman,NJ,male,independent,white,"prosecutor, misc. private practice, judicial, legislative experience, other exec branch experience, relevant non-legal crime enforcement experience","appointed, leg confirmed","october 1, 2024",,"no-reelection - must be renominated and re-confirmed - mandatory retirement date is august 17, 2024"
158,79ee4ba1-6d9a-4b91-a558-1dad712e0b88,John L. Weimer,LA,male,independent,white,"misc. private practice, judicial, law professor/academia","elected, partisan",2001,"december 31, 2032","november 2, 2032"
159,da6b0653-cd5f-4d03-94f0-9aaee75aea56,John Nielsen,UT,male,unsure,white,"prosecutor, corporate, misc. private practice, judicial","appointed, leg confirmed","december 1, 2025",,
160,facd80d4-463c-4e48-b332-c6ad957e0344,John P. Howard III,DC,male,democrat,black,"misc. private practice, judicial","appointed, leg confirmed","february 18, 2022",2037,n/a
161,1b6986e5-21cd-4fa7-905b-e32c764b8062,John Phillip Devine,TX,male,republican,white,"plaintiff-side civil private practice, misc. private practice, judicial","elected, partisan","january 1, 2013","december 31, 2024","november 5, 2024"
162,84c21ee0-e885-4685-b32e-a0bf98dfb98a,John R. Freudenberg,NE,male,republican,white,"prosecutor, plaintiff-side civil private practice, misc. private practice, judicial","appointed, retention elected","july 6, 2018","january 5, 2029","november 7, 2028"
163,fdb454b6-a6ff-40dd-bdad-2134ed177dca,John R. Lopez IV,AZ,male,republican,latino,"prosecutor, corporate, government civil (non civil rights), misc. private practice","appointed, retention elected",2017,"january 4, 2027","november 3, 2026"
164,5272bf37-cec7-4304-9b1f-7b5c14146ed7,John W. Kittredge,SC,male,republican,white,"prosecutor, misc. private practice, judicial",leg elected,2008,"july 31, 2028",general assembly vote during session
165,926d71fa-400c-421c-80fb-12b43d8bae43,Jon J. Jensen,ND,male,republican,white,"corporate, government civil (non civil rights), misc. private practice, judicial","appointed, elected, nonpartisan",2017,"december 31, 2030","november 5, 2030"
166,c1c7d5f1-fa77-457b-a60f-59b36080e7f7,Jonathan Biran,MD,male,unsure,white,"prosecutor, corporate, misc. private practice","appointed, leg confirmed, retention elected","december 9, 2019","december 31, 2030","november 5, 2030"
167,ed028d13-1360-410c-8e37-9e69580edd79,Jonathan J. Papik,NE,male,republican,white,misc. private practice,"appointed, retention elected",2018,"january 5, 2029","november 8, 2022"
168,1ef99093-5ba7-4df6-99e2-8006770ccfcd,Jorge Labarga,FL,male,republican,latino,"prosecutor, public defender/other indigent defense, plaintiff-side civil private practice, judicial","appointed, retention elected","january 6, 2009","january 2, 2029","november 7, 2028"
169,f0df0f62-3299-4c68-a1a6-65be5c16ed09,Joseph Deters,OH,male,republican,white,"prosecutor, other exec branch experience",appointed,"january 7, 2023","january 1, 2029","november 7, 2028"
170,9f1b4248-382c-4a2f-9edb-561b82ac4a7f,Joshua Deahl,DC,male,unsure,white,"public defender/other indigent defense, corporate","appointed, leg confirmed","january 6, 2020","january 6, 2035",n/a
171,3b7bf5d2-3d80-41a7-a1e6-2c9f35deb69c,Joshua P. Groban,CA,male,democrat,white,"corporate, other exec branch experience",appointed,"december 21, 2018","january 1, 2035","november 2, 2034"
172,65f88366-026e-489b-9b1f-82006fac3519,Josiah Dennis Coleman,MS,male,republican,white,"corporate, misc. private practice","elected, nonpartisan",2013,"december 31, 2028","november 7, 2028"
173,560c2801-eab7-424a-9c79-705cf45fce34,Joy V. Cunningham,IL,female,democrat,black,"government civil (non civil rights), misc. private practice, judicial",appointed,"december 1, 2022",unsure,unsure
174,e11b213b-7642-4897-878d-89d0d0c90b80,Jude Pate,AK,male,unsure,white,"public defender/other indigent defense, misc. private practice, judicial",appointed,"january 20, 2023",tbd,tbd
175,85f7c6f5-b923-476b-9147-cb9f44726a3d,Julia M. Lipez,ME,female,democrat,white,"prosecutor, corporate, judicial","appointed, leg confirmed","march 28, 2025","march 28, 2032",n/a - requires reappointment/confirmation
176,7b8b4ae1-d9bc-410d-9fc5-1cc21806c992,Julie J. Vargas,NM,female,democrat,latino,"plaintiff-side civil private practice, misc. private practice, judicial","appointed, elected, partisan","january 25, 2021",december 2030,"november 5, 2030"
177,c0b4957c-ffb1-40e5-a222-c7abcef95125,Junius P. Fulton III,VA,male,,black,"prosecutor, public defender/other indigent defense, misc. private practice, judicial",leg elected,"january 1, 2026","december 31, 2037",
178,a046d8be-7ec2-4f8e-9c43-426ffa1ef544,Karen L. Valihura,DE,female,unsure,white,corporate,"appointed, leg confirmed","july 25, 2014","july 25, 2026",requires re-nomination and re-confirmation
179,0ef768cf-ab23-41da-a914-953b791cdd33,Karen R. Baker,AR,male,unsure,white,"public defender/other indigent defense, misc. private practice, judicial","elected, nonpartisan","january 10, 2011","december 31, 2030",may / november 2030
180,b0f9eb53-10fb-4d94-be75-a267e633107c,Kari Gray,WY,female,republican,white,"misc. private practice, other exec branch experience","appointed, retention elected","october 9, 2018","december 31, 2028","november 2, 2027"
181,fd950180-3904-43c1-a21b-599f08934e7e,Karl Procaccini,MN,male,democrat,white,"corporate, law professor/academia, other exec branch experience","appointed, nonpartisan, elected","october 2, 2023","january 1, 2029","november 3, 2026"
182,6d55c94b-25ca-4eac-98ee-9aa898b4b559,Kate M. Fox,WY,female,republican,white,"defend criminal legal system, government civil (non civil rights), misc. private practice","appointed, retention elected","january 6, 2014",2024,"november 5, 2024"
183,6962f098-2042-4594-bf37-4c7c98de86f2,Katherine Biidegaray,MT,female,unsure,white,"government civil (non civil rights), misc. private practice, judicial","elected, retention elected","january 6, 2025",,
184,a3654424-8238-4e9b-ace3-a1fecd1b20a2,Kathryn H. King,AZ,female,unsure,white,"civil rights for govt, corporate, other exec branch experience",appointed,"july 8, 2021","january 4, 2025","november 5, 2024"
185,d09061a1-9c31-4e64-b239-0ce25e8202a0,Kelli Evans,CA,female,democrat,black,"public defender/other indigent defense, legal aid/non-govt civil rights, civil rights for govt, government civil (non civil rights), misc. private practice, judicial, other exec branch experience",appointed,"january 2, 2023","january 1, 2027","november 3, 2026"
186,fd0071de-63ba-4080-bcfd-cb8edbc1cc7e,Kelly C. Broniec,MO,female,republican,white,"prosecutor, misc. private practice, judicial","appointed, retention elected","september 25, 2023","november 4, 2024","november 5, 2024"
187,23b1af38-702b-4cba-a16e-bcec36c08302,Kelly Thompson,KY,male,unsure,white,"public defender/other indigent defense, misc. private practice, judicial, other exec branch experience","elected, nonpartisan","january 2, 2023",january 2031,"november 5, 2030"
188,a2a235bb-ce1f-4517-9461-358cfce8269d,Kenny Griffis,MS,male,republican,white,judicial,"appointed, elected, nonpartisan","february 1, 2019","january 5, 2031","november 5, 2030"
189,b49be668-b316-4aa6-bcbc-fee6aa145e4c,Kevin Brobson,PA,male,republican,white,"corporate, judicial","elected, partisan","january 1, 2022","january 1, 2032","november 4, 2031"
190,985be45b-4b91-48fb-be69-9c93c5380fbd,Kevin M. Dougherty,PA,male,democrat,white,"prosecutor, misc. private practice, judicial","elected, partisan","january 5, 2016","january 4, 2026","november 4, 2025"
191,bc828d5b-a205-4b42-8100-ba8106e13cbf,Kevin Patrick Yeary,TX,male,republican,white,"prosecutor, misc. private practice","elected, partisan","january 1, 2015","december 31, 2026","november 3, 2026"
192,d674aeb3-7fcd-4df0-a3b8-f45741c076f5,Keynen “KJ” Wall Jr.,KS,male,unsure,white,"corporate, misc. private practice, judicial","appointed, retention elected","august 3, 2020","january 1, 2029","november 7, 2028"
193,d35ba6f9-15f4-4b3a-aafe-b924e550496b,Kimberly Ann Thomas,MI,female,democrat,white,"public defender/other indigent defense, other public interest org, law professor/academia","elected, partisan primary / nonpartisan general","january 1, 2025","january 1, 2033",
194,805acf82-2ac3-45a7-8bf6-6339c72a1c2d,Kimberly S. Budd,MA,female,unsure,black,"prosecutor, misc. private practice, judicial","appointed, exec council confirmation","august 10, 2016","reaches retirement age on october 23, 2036",n/a
195,c50c1a41-351a-44cf-8aa2-0d2ff7234829,Kristina Pickering,NV,male,republican,white,"corporate, misc. private practice","elected, nonpartisan",2009,"january 3, 2027","november 3, 2026"
196,1ad9b2ed-12be-49cd-acff-ea2f720361e6,Kyle D. Hawkins,TX,male,republican,white,"corporate, government civil (non civil rights)","elected, partisan","october 24, 2024",2026,"november 3, 2026"
197,e98b6cd1-2e80-4b9a-9fd6-21d0462b0681,Kyra Harris Bolden,MI,female,democrat,black,"public defender/other indigent defense, misc. private practice, legislative experience",appointed,"january 1, 2023",unsure,unsure
198,d57009c1-1841-49b6-b3e8-834aeb88248e,Larkin Walsh,KS,female,republican,white,"legal aid/non-govt civil rights, plaintiff-side civil private practice, judicial",appointed,"august 7, 2025","december 31, 2026","november 3, 2026"
199,8d36045c-a5bd-4770-ab16-73bd584b8ca1,Laurie McKinnon,MT,female,unsure,white,"prosecutor, plaintiff-side civil private practice, misc. private practice, judicial","elected, retention elected, nonpartisan",2013,"december 31, 2028","november 7, 2028"
200,e1ba6542-3c3b-4420-96df-f19a7b23d52e,Lee Finley “Gary”,TX,male,republican,white,misc. private practice,"elected, partisan","january 1, 2025","january 1, 2031",
201,5fb9cb82-e6db-4620-b435-ba247ece87a2,Leondra R. Kruger,CA,female,democrat,black,"corporate, government civil (non civil rights), misc. private practice, law professor/academia, other exec branch experience","appointed, retention elected",2015,"january 6, 2031","november 5, 2030"
202,d18d0aa5-fc42-4b7c-b3cb-6dd154b7d1b4,Leslie D. King,MS,male,democrat,black,"prosecutor, public defender/other indigent defense, misc. private practice, judicial, legislative experience, relevant non-legal crime enforcement experience","appointed, elected, nonpartisan",2011,"december 31, 2028","november 7, 2028"
203,e9cff634-d7aa-48a1-9f6c-9de67c205db0,Letitia Verdin,SC,female,republican,white,"prosecutor, misc. private practice, judicial",leg elected,"august 1, 2024","july 31, 2035",general assembly vote during session
204,e3d608b2-0c9d-44d8-bc77-754da0c2e6db,Lidia S. Stiglich,NV,female,unsure,white,"public defender/other indigent defense, defend criminal legal system, misc. private practice, judicial, other exec branch experience","appointed, elected, nonpartisan","december 5, 2016","january 7, 2025","november 5, 2024"
205,b2a2dfc3-f909-4fa9-a9db-8ad731eb076a,Linda M. Bell,NV,female,unsure,white,"public defender/other indigent defense, misc. private practice, judicial","elected, nonpartisan","january 2, 2023","december 31, 2028","november 7, 2028"
206,039cfe91-e407-44f6-95b0-45dc395eb53e,Lisa Fair McEvers,ND,female,republican,white,"prosecutor, misc. private practice, judicial, other exec branch experience","appointed, elected, nonpartisan","january 1, 2014","december 31, 2028","november 7, 2028"
207,20654536-8a83-4935-91db-a8ea6cf61020,Lisa Ginoza,HI,female,unsure,asian american,", pacific islander","prosecutor, defend criminal legal system, corporate, government civil (non civil rights), misc. private practice, judicial, law professor/academia","appointed, leg confirmed","january 12, 2024","january 12, 2034"
208,3c5a2d53-4ae6-4445-a25a-d4022fd145f0,Lisa Holder White,IL,female,republican,black,"prosecutor, public defender/other indigent defense, misc. private practice, judicial",appointed,"july 7, 2022","december 5, 2022","november 8, 2022"
209,d45a402a-7b5b-4fc8-ac8c-e888d7e07875,Loretta H. Rush,IN,female,republican,white,"corporate, plaintiff-side civil private practice, misc. private practice, judicial","appointed, retention elected","november 7, 2012","december 31, 2024","november 5, 2024"
210,0ab4ed20-075c-4e6f-a96c-c948d16a4a6f,Lynne Boomgaarden,WY,female,republican,white,"misc. private practice, law professor/academia, other exec branch experience","appointed, retention elected","february 20, 2018","december 31, 2028","november 2, 2027"
211,bb68a19c-dfb0-4553-95b4-b9797956b92b,"M. John Kane, IV",OK,male,republican,white,"government civil (non civil rights), misc. private practice, judicial","appointed, retention elected",2019,"january 11, 2027","november 3, 2026"
212,d949da8b-fa7e-47da-b3d6-014d0c1a736f,Madeline Singas,NY,female,democrat,white,prosecutor,"appointed, leg confirmed","june 8, 2021","june 8, 2035",have to be renominated and leg elected
213,9841d94a-e553-49da-b9a5-4d5c755771e5,Maria E. Berkenkotter,CO,female,unsure,white,"corporate, government civil (non civil rights), judicial",appointed,"january 1, 2021","january 1, 2025","november 5, 2024"
214,edf1458a-645c-435d-b03d-ff200dc601f2,Maria Elena Cruz,AZ,female,democrat,black,", latino","prosecutor, public defender/other indigent defense, misc. private practice, judicial",appointed,"february 3, 2025",2028
215,266e7572-3766-465b-ae78-5173acff3136,Mark E. Salter,SD,male,republican,white,"prosecutor, public defender/other indigent defense, corporate, misc. private practice, judicial","appointed, retention elected","july 9, 2018",january 2031,"november 5, 2030"
216,848b0e1a-0f0c-4cef-b0a0-c122f9af515b,Mark S Massa,IN,male,republican,white,"prosecutor, misc. private practice, other exec branch experience","appointed, retention elected","april 2, 2012","december 31, 2024","november 8, 2022"
217,70480e59-9594-4a70-860d-3f3ac4e2aea7,Marla Luckert,KS,female,republican,white,"misc. private practice, judicial","appointed, retention elected","january 13, 2003","january 1, 2029","november 7, 2028"
218,3059feb6-60e6-4b39-a696-d24d7330870c,Mary Kay O’Brien,IL,female,democrat,white,"prosecutor, government civil (non civil rights), misc. private practice, judicial, legislative experience","elected, partisan","december 5, 2022","december 6, 2032","november 2, 2032"
219,15d0f0e1-6b4d-48d9-8ba7-204c56dae055,Mary L. Wagner,TN,female,republican,white,"corporate, misc. private practice, judicial","appointed, leg confirmed","september 1, 2024",2026,
220,2b1a2f29-ed48-444a-a804-3a8c6af51c76,Mary Lou Keel,TX,female,republican,white,prosecutor,"elected, partisan","january 1, 2017","december 31, 2028","november 7, 2028"
221,4a2d3c45-d3a3-47d4-ad95-5a63d7140241,Mary R. Russell,MO,female,democrat,white,"misc. private practice, judicial","appointed, retention elected",2004,"december 31, 2030","november 5, 2030"
222,0dd9ef94-1807-4347-8592-c41384071031,Matthew B. Durrant,UT,male,republican,white,"misc. private practice, judicial","appointed, retention elected, leg confirmed",2000,"january 5, 2025","november 5, 2024"
223,016a2af1-ff9c-4f6d-be3d-33c1440589a0,Matthew Fader,MD,male,unsure,white,"corporate, government civil (non civil rights), judicial","appointed, leg confirmed","april 15, 2022",unsure,unsure
224,f25b914e-6556-43cc-bd8e-95f8d730fc9c,Matthew McDermott,IA,male,republican,white,"public defender/other indigent defense, corporate, misc. private practice","appointed, retention elected","april 3, 2020","december 31, 2022","november 8, 2022"
225,683bdf73-a98e-4ba2-a192-f5d7609e60ad,Maureen McKenna Goldberg,RI,female,unsure,white,"prosecutor, defend criminal legal system, plaintiff-side civil private practice, misc. private practice, judicial","appointed, leg confirmed",1997,lifetime,n/a - appointed for life
226,68344351-44e1-4e2d-8e01-cfbe5c68b103,Meagan Aileen Flynn,OR,female,democrat,white,"plaintiff-side civil private practice, misc. private practice, judicial","elected, appointed, nonpartisan",2017,"january 6, 2025","november 5, 2024"
227,df2956b4-9516-45f0-ad4b-b92c1781de72,Megan K. Cavanagh,MI,female,democrat,white,"legal aid/non-govt civil rights, defend criminal legal system, corporate, misc. private practice","elected, partisan primary / nonpartisan general","january 1, 2019","january 1, 2027","november 3, 2026"
228,0d875909-ac5c-4cf7-a47a-8c2bdd50b4fd,Megan Shanahan,OH,female,republican,white,"prosecutor, judicial","elected, partisan primary / nonpartisan general","january 1, 2025","january 1, 2029",
229,fa59c6ef-08de-44ed-b292-56250bd1d2b3,Melissa A. Long,RI,female,democrat,black,"public defender/other indigent defense, government civil (non civil rights), judicial, other exec branch experience","appointed, leg confirmed","january 11, 2021",lifetime,n/a - appointed for life
230,6b756f72-b01a-45dd-8ebb-f6099243ea03,Melissa Beth Countway,NH,female,unsure,white,"prosecutor, government civil (non civil rights), plaintiff-side civil private practice, misc. private practice, judicial","appointed, exec council confirmation","january 2, 2024",c 2041 (age of retirement),no election - governor appointed
231,1818418f-9185-4ff0-9639-74e49a7ccf07,Melissa Taylor Standridge,KS,female,unsure,white,"misc. private practice, judicial","appointed, retention elected","december 14, 2020",january 2029,"november 7, 2028"
232,c6d349e9-fa9b-41cf-af8f-e465ae2b0554,Meredith Sasso,FL,female,republican,latino,", cuban american","corporate, other exec branch experience","appointed, retention elected","may 25, 2023","january 3, 2025"
233,fcac1ebe-4f1d-423c-a520-54028bf9093d,Michael E. Vigil,NM,male,democrat,white,"plaintiff-side civil private practice, misc. private practice, judicial","elected, partisan, retention elected","december 31, 2018","december 31, 2030","november 5, 2030"
234,acd4a429-89ad-4f75-81e6-ebb72c6daf80,Michael J. Garcia,NY,male,republican,latino,"prosecutor, corporate, misc. private practice, other exec branch experience, relevant non-legal crime enforcement experience","appointed, leg confirmed","february 8, 2016","february 7, 2030",have to be renominated and leg elected
235,22ce9d75-d134-4982-ab95-5204dfc9c3a4,Michael K. Randolph,MS,male,republican,white,"corporate, plaintiff-side civil private practice, misc. private practice","appointed, elected, nonpartisan",2004,"december 31, 2028","november 7, 2028"
236,d0af8963-e0c5-477f-bd8d-99cd7ecaf382,Michael Noriega,NJ,male,democrat,latino,"public defender/other indigent defense, legal aid/non-govt civil rights, misc. private practice","appointed, leg confirmed","june 30, 2023","june 1, 2030",no re-election - will serve 7 years and then may be nominated for full term
237,5f3663e4-b264-4c6d-98ee-19a8e8f7f4ee,Michael P. Drescher,VT,male,unsure,white,"prosecutor, corporate, government civil (non civil rights), misc. private practice","appointed, leg retention","february 3, 2026",2029,
238,cc1db3e1-79e0-4caf-9369-c08a3a8bad12,Michelle M. Keller,KY,female,democrat,white,"prosecutor, misc. private practice, judicial","appointed, elected, nonpartisan","april 3, 2013",january 2031,"november 5, 2030"
239,c3bb73c7-9f41-43b5-9292-82c42bc9216f,Monica M. Márquez,CO,female,democrat,latino,"prosecutor, corporate, government civil (non civil rights)","appointed, retention elected","december 10, 2010","january 13, 2025","november 5, 2024"
240,ea959c33-b30c-4ae2-910d-f386a606dd6c,N. Christopher Griffiths,DE,male,unsure,black,corporate,"appointed, leg confirmed","may 3, 2023",2035,requires re-nomination and re-confirmation
241,e760da63-0100-4f40-9a5a-cacf3abe4223,Nancy Waples,VT,female,unsure,asian american,"prosecutor, public defender/other indigent defense, judicial","appointed, leg retention","march 25, 2022",unsure,unsure
242,99ea1b7d-fe35-44f9-899c-740959b64552,Natalie E. Hudson,MN,female,democrat,black,"prosecutor, legal aid/non-govt civil rights, government civil (non civil rights), misc. private practice, judicial","appointed, elected, nonpartisan","november 20, 2015","january 1, 2029","november 7, 2028"
243,6343c1ff-26e4-4dcf-98e7-6d2db253bcce,Nels S.D. Peterson,GA,male,republican,white,"corporate, government civil (non civil rights), judicial, other exec branch experience","appointed, elected, nonpartisan","january 1, 2017","december 31, 2024","november 5, 2024"
244,48e956e4-7cc6-48dd-bb15-264ee2a117cb,Noma Diane Gurich,OK,female,unsure,white,"corporate, misc. private practice, judicial","appointed, retention elected","february 15, 2011","january 12, 2025","november 5, 2024"
245,217d3d1b-a0a7-4d0e-88af-38b5d7c8e1ef,Nora Dannehy,CT,female,democrat,white,"prosecutor, other exec branch experience","appointed, leg confirmed","september 27, 2023",2031,requires re-nomination and re-confirmation
246,5e02d8f0-c4db-4f8a-b19a-bc0999c312d1,"P. Scott Neville, Jr.",IL,male,democrat,black,"legal aid/non-govt civil rights, plaintiff-side civil private practice, misc. private practice, judicial, other exec branch experience","appointed, elected, partisan","june 15, 2018","december 2, 2030","november 5, 2030"
247,5d151bd1-930d-496f-a3cb-23b623a69e5b,Paige Petersen,UT,female,unsure,white,"prosecutor, misc. private practice, judicial","appointed, leg confirmed, retention elected","january 19, 2018","january 1, 2033","november 2, 2032"
248,8a3e2a6e-0a75-42b7-818d-b256bf77f2a0,Pamela R. Goodwine,KY,female,unsure,black,"corporate, misc. private practice, judicial, other exec branch experience","elected, nonpartisan","january 6, 2025",,
249,6763af42-a79b-451f-8fe4-3c2b9cf930e7,Patricia Guerrero,CA,female,democrat,latino,"prosecutor, corporate, misc. private practice, judicial","appointed, retention elected","confirmed march 22, 2022","january 1, 2035","november 2, 2034"
250,abc30cf8-d02d-4aa0-9f7c-dc604e8d8732,Patricia J. DeVaney,SD,female,republican,white,"prosecutor, government civil (non civil rights), judicial","appointed, retention elected","may 24, 2019","january 1, 2031","november 5, 2030"
251,851d1cd6-9aa4-4ab4-b16e-a4b1f473cb0c,Patricia Lee,NV,female,unsure,black,", asian american","corporate, misc. private practice",appointed,"november 21, 2022","january 6, 2024"
252,aadeaa05-a915-426a-94f7-d77fa1cde7b2,Patrick E. Donovan,NH,male,republican,white,"prosecutor, corporate, government civil (non civil rights), misc. private practice, legislative experience","appointed, exec council confirmation","may 8, 2018","may 8, 2034  (age of retirement)",no election - mandatory retirement at age 70 before renomination/confirmation
253,4122d103-ea55-4566-89bd-49ac9608bfbf,Patrick F. Fischer,OH,male,republican,white,"corporate, judicial","elected, partisan primary / nonpartisan general","january 1, 2017","december 31, 2028","november 7, 2022"
254,09f8bb2d-f2cb-4ce6-8b7c-b228c824134b,Paul A. Suttell,RI,male,republican,white,"misc. private practice, judicial, legislative experience","appointed, leg confirmed",2003,lifetime,n/a - appointed for life
255,be4a15d1-fd1c-4539-8a4f-e7016c3ac0c0,Paul C. Thissen,MN,male,democrat,white,"public defender/other indigent defense, corporate, misc. private practice, legislative experience","appointed, elected, nonpartisan",2018,"january 5, 2027","november 3, 2026"
256,a61560f2-d068-4368-9aa9-06e1f969bc13,Paul C. Wilson,MO,male,democrat,white,"legal aid/non-govt civil rights, corporate, government civil (non civil rights), misc. private practice, judicial, other exec branch experience","appointed, retention elected",2013,"december 31, 2026","november 3, 2026"
257,c1acb792-6125-4ba8-8b4d-1a0626184552,Paul L. Reiber,VT,male,republican,white,misc. private practice,"appointed, leg retention","december 17, 2004","march 31, 2023",vt general assembly votes to retain at end of term
258,cb81d9be-c339-4b24-954d-bec6520786e9,Paul Newby,NC,male,republican,white,"prosecutor, corporate, misc. private practice","elected, partisan","january 1, 2005","january 1, 2029","november 7, 2028"
259,b163e4a4-849b-433d-b39f-be8e7dd13faa,Peter K. Killough,MD,male,unsure,black,"prosecutor, corporate, misc. private practice, judicial","appointed, leg confirmed","july 31, 2024","december 31, 2026",november 2028?
260,6b08ac9a-412c-48ee-a4dd-0320e0dbf1bd,Philip Berger Jr.,NC,male,republican,white,"prosecutor, misc. private practice, judicial","elected, partisan","january 1, 2021","january 1, 2029","november 7, 2028"
261,6d19a899-1efc-4ca9-ba49-bc35f1cefeb5,Piper D. Griffin,LA,female,democrat,black,"misc. private practice, judicial","elected, partisan","january 1, 2021","december 31, 2030","november 5, 2030"
262,cf691e0b-e308-4632-a55d-3472837bddf8,R. Patrick DeWine,OH,male,republican,white,"corporate, judicial, legislative experience","elected, partisan primary / nonpartisan general","january 2, 2017","january 1, 2029","november 7, 2022"
263,9df1470b-6a30-49eb-9b29-d4d54ae3cc47,Rachel Wainer-Apter,NJ,female,democrat,white,"legal aid/non-govt civil rights, civil rights for govt","appointed, leg confirmed","october 21, 2022","october 1, 2029","no-reelection - must be renominated and re-confirmed - mandatory retirement date is august 17, 2024"
264,e1bafe3b-ba68-4cef-b0f0-849f77aae08e,Raheem L. Mullins,CT,male,democrat,black,"prosecutor, judicial","appointed, leg confirmed","november 1, 2017","november 1, 2025",requires re-nomination and re-confirmation
265,bc91cbec-ded0-482d-bf1c-64db34857df5,Raquel Montoya-Lewis,WA,female,democrat,latino,", native american","misc. private practice, judicial, law professor/academia","appointed, elected, nonpartisan","january 6, 2020","january 10, 2027"
266,a624aa3a-6478-40d0-91d8-a9f7def89750,Rebeca Aizpuru Huddle,TX,female,republican,latino,"corporate, misc. private practice, judicial","appointed, elected, partisan","october 30, 2020","december 31, 2028","november 7, 2028"
267,e5e9adeb-7156-4879-a2a1-6b6ee0d11cca,Rebecca Duncan,OR,female,democrat,white,"public defender/other indigent defense, judicial","elected, appointed, nonpartisan",2017,"january 6, 2025","november 5, 2024"
268,75a38b3b-0f8b-4453-8795-f89df560c0dc,Rebecca Frank Dallet,WI,female,democrat,white,"prosecutor, judicial","elected, nonpartisan","august 1, 2018",2028,april 2028
269,ba05c6a8-6bb7-4057-a3a6-6cb748771807,Rebecca Grassl Bradley,WI,female,republican,white,"corporate, misc. private practice, judicial","appointed, elected, nonpartisan","october 12, 2015",2026,april 2026
270,d47540ac-00a4-49ac-82ad-1a60b5c752dd,Renatha Francis,FL,female,republican,black,"misc. private practice, judicial","appointed, retention elected","september 1, 2022","december 31, 2024","november 8, 2024"
271,e6925117-ebe2-4ed7-851f-7819f96c328b,Rhonda K. Wood,AR,female,republican,white,"misc. private practice, judicial, law professor/academia, other exec branch experience","elected, nonpartisan","january 1, 2015","december 31, 2030",may / november 2030
272,93cc0ca3-0991-4511-995b-ea76f25ccba0,Richard Bernstein,MI,male,democrat,white,"legal aid/non-govt civil rights, plaintiff-side civil private practice, misc. private practice","elected, partisan primary / nonpartisan general","january 1, 2015","january 1, 2031","november 5, 2030"
273,203fd323-72f4-447c-9839-d68a292a0f43,Richard Darby,OK,male,republican,white,"plaintiff-side civil private practice, misc. private practice, judicial","appointed, retention elected",2018,january 2027,"november 3, 2026"
274,e5b1fece-aec1-47a3-a23b-d8c3d71b119f,Richard Dietz,NC,male,republican,white,"corporate, misc. private practice, judicial","elected, partisan","january 2, 2023","january 1, 2031","november 5, 2030"
275,d29188d5-d192-4766-8a24-e0a909f088c8,Richard L. Gabriel,CO,male,democrat,white,"prosecutor, corporate, plaintiff-side civil private practice, judicial","appointed, retention elected","june 23, 2015","january 7, 2029","november 7, 2028"
276,4374208c-e1c4-44ba-9d97-3b91d23138b8,Rick Lawrence,ME,male,unsure,black,"corporate, judicial","leg confirmed, appointed","may 4, 2022","may 4, 2029",n/a - requires reappointment/confirmation
277,5a0b343b-20fd-481f-9e8a-580821a40c40,Robert B. Conley,KY,male,unsure,white,"corporate, misc. private practice, judicial","elected, nonpartisan","january 4, 2021","january 1, 2029","november 7, 2028"
278,20849984-ce7d-4cf6-8d13-3823ee607043,Robert Gusinsky,SD,male,unsure,white,"prosecutor, corporate, plaintiff-side civil private practice, misc. private practice, judicial",appointed,"december 8, 2025",2026,"november 1, 2026"
279,6d48cbd9-4697-4d1b-b7f9-27b56e60c864,Robert Hudson,OK,male,republican,white,"prosecutor, misc. private practice, judicial","appointed, retention elected",2015,"january 11, 2027","november 3, 2026"
280,01339f96-90d7-418e-b632-9ccb02beed05,Robert Jarosh,WY,male,unsure,white,corporate,"appointed, retention elected","march 27, 2024",2026 (retention election),"november 5, 2024"
281,d295c917-4038-4751-b670-211ed0019846,Robert P. Chamberlin,MS,male,republican,white,"prosecutor, plaintiff-side civil private practice, misc. private practice, judicial, legislative experience","elected, nonpartisan","january 3, 2017","january 5, 2025","november 5, 2024"
282,54240803-52fa-4fa0-911c-e88716482d91,Robin Ransom,MO,female,unsure,black,"prosecutor, public defender/other indigent defense, judicial","appointed, retention elected","june 8, 2021","december 31, 2034","november 7, 2034"
283,e0b7f24c-a7ae-4108-996c-218fb526f71d,Robyn M. Brody,ID,female,republican,white,"corporate, misc. private practice","elected, nonpartisan","january 2, 2017","january 1, 2029","november 7, 2028"
284,22368b96-41e9-4612-b5db-c1d1139cd460,Roger DeHoog,OR,male,unsure,asian american,"public defender/other indigent defense, government civil (non civil rights), misc. private practice, judicial, other exec branch experience","appointed, elected, nonpartisan","january 19, 2022","january 1, 2029","november 7, 2028"
285,66b25470-9f15-4f29-b600-1124d449d1ed,Ron D. Parraguirre,NV,male,republican,white,"corporate, misc. private practice, judicial, legislative experience","elected, nonpartisan","january 3, 2005","december 31, 2028","november 7, 2028"
286,61164aea-0924-4e3c-b071-69d6a5d56e89,Rowan D. Wilson,NY,male,democrat,black,"corporate, misc. private practice","appointed, leg confirmed","february 6, 2017","december 31, 2030",have to be renominated and leg elected
287,4c43b675-7d7c-414d-8d8a-12382875d7cc,Roy W. McLeese,DC,male,unsure,white,"prosecutor, government civil (non civil rights)","appointed, leg confirmed",2012,"may 24, 2027",n/a
288,cb49a4b4-c1f6-4d62-840f-f7b6fe2b23d2,Sabrina S. McKenna,HI,female,democrat,asian american,"corporate, misc. private practice, judicial, law professor/academia","appointed, commission retained, leg confirmed","march 3, 2011","march 2, 2031",requires majority of commission members approval
289,819b8972-1e58-4b9b-aebd-e66136c3dff7,Sal Mungia,WA,male,democrat,asian-mexican american,"corporate, misc. private practice","elected, nonpartisan","january 13, 2025",,
290,f8d2e39c-cd71-432a-9872-89f193556f9d,Sallie Updyke Mundy,PA,female,republican,white,"public defender/other indigent defense, corporate, plaintiff-side civil private practice, misc. private practice, judicial","appointed, elected, partisan","july 21, 2016","december 31, 2027","november 8, 2027"
291,bdf68062-d545-40b5-8413-8be8b58defe3,Sanjay T. Tailor,IL,male,democrat,indian american,"prosecutor, corporate, judicial",appointed,"january 29, 2026","december 31, 2028","november 7, 2028"
292,eb58f789-5340-4922-ba26-7b70cfa5f201,Sarah H. Stewart,AL,female,republican,white,"misc. private practice, judicial","elected, partisan","january 11, 2019","january 19, 2025","november 5, 2024"
293,76aefd5f-ddfa-406e-8506-a43480e8e6c0,Sarah Hawkins Warren,GA,female,republican,white,"corporate, government civil (non civil rights), other exec branch experience","appointed, elected, nonpartisan","september 17, 2018","december 31, 2026","november 3, 2026"
294,46277c69-c94d-46cb-97f3-ca75d5efdff5,Sarah Hennesy,MN,female,unsure,white,"public defender/other indigent defense, other public interest org, corporate, government civil (non civil rights), plaintiff-side civil private practice, misc. private practice, judicial, other exec branch experience","appointed, elected, nonpartisan","may 13, 2024","january 1, 2029","november 3, 2026"
295,1e4f4f23-b35e-4964-bcc8-98c4868fa961,Sarah Keeton Campbell,TN,female,republican,white,"prosecutor, government civil (non civil rights), misc. private practice","appointed, leg confirmed, retention elected","february 10, 2022","september 1, 2030","august 6, 2030"
296,43fee984-4b77-46f7-a273-e4999589d92c,Scott L. Kafker,MA,male,republican,white,"corporate, misc. private practice, judicial, other exec branch experience","appointed, exec council confirmation","august 21, 2017","reaches retirement age on april 24, 2029",n/a
297,e1d57d3a-b0c1-4b2d-808d-6df47b7231ae,Scott P. Myren,SD,male,republican,white,"misc. private practice, judicial",appointed,"january 5, 2021","january 7, 2025",november 2024
298,4079c948-a00a-4439-a0eb-6af5d407f476,Scott Rowland,OK,male,republican,white,"prosecutor, defend criminal legal system, other exec branch experience","appointed, retention elected",2017,"january 13, 2025","november 5, 2024"
299,45c294de-08f4-4166-90c5-1488d8735f59,Scott Walker,TX,male,republican,white,plaintiff-side civil private practice,"elected, partisan","january 1, 2017","december 31, 2028","november 7, 2028"
300,04b9572e-0aa7-4f66-b1a9-d5702dd31c3a,"Serge Georges, Jr.",MA,male,unsure,black,"corporate, misc. private practice, judicial","appointed, exec council confirmation","december 16, 2020",reaches retirement age in 2039,n/a
301,ec02b7f8-4018-4ce7-a578-a9a64137936c,Sharon L. Kennedy,OH,female,republican,white,"government civil (non civil rights), misc. private practice, judicial, relevant non-legal crime enforcement experience","elected, partisan primary / nonpartisan general","december 7, 2012","december 31, 2026","november 3, 2026"
302,857d8986-1d30-4272-ac7f-e4bc15805f40,Shawn A. Womack,AR,male,republican,white,"plaintiff-side civil private practice, misc. private practice, judicial, legislative experience","elected, nonpartisan","january 1, 2017","december 31, 2024","november 5, 2024"
303,ba06d53f-8913-48cb-a753-76b452bde3a3,Shawn Ellen LaGrua,GA,female,unsure,white,"prosecutor, judicial, other exec branch experience",appointed,"january 19, 2021","december 31, 2028","november 7, 2028"
304,37de778c-396e-40a0-9eaa-a83bc329ddae,Sheryl Gordon McCloud,WA,female,democrat,white,"public defender/other indigent defense, corporate","elected, nonpartisan","january 1, 2013",january 2025,november 2024
305,27944f18-4daa-49da-a9b7-ee8fa68571ad,Shirley M. Watts,MD,female,democrat,black,"prosecutor, public defender/other indigent defense, judicial","appointed, leg confirmed, retention elected","july 31, 2013","december 31, 2024","november 5, 2024"
306,815f8dc2-d764-442f-a334-04203848665d,Shirley Troutman,NY,female,democrat,black,"prosecutor, government civil (non civil rights), judicial","appointed, leg confirmed","january 12, 2022","january 12, 2036",have to be renominated and leg elected
307,4980f387-283d-4fcb-a119-4c5f533c2c47,Stephanie F. Stacy,NE,female,republican,white,"misc. private practice, judicial","appointed, retention elected","september 28, 2015","gov. pete ricketts (r) appointed stacy on august 14, 2015, following the retirement of justice kenneth stephan.[1] she was retained by voters in 2018.","november 5, 2024"
308,47c52fbd-e540-48b9-97a4-f5e5458afd14,Stephen Bushong,OR,male,unsure,white,"prosecutor, defend criminal legal system, government civil (non civil rights), misc. private practice, judicial",appointed,"january 1, 2023","january 6, 2025","november 5, 2024"
309,01214042-f191-4757-a6d2-d28bedb4b479,"Stephen R.
McCullough",VA,male,republican,white,"prosecutor, judicial",leg elected,"march 3, 2016","march 2, 2028",leg will have opp to reappoint at end of term
310,fd12b999-be29-4261-bb28-466db0c883db,Steven A. González,WA,male,democrat,latino,"prosecutor, corporate, judicial","appointed, elected, nonpartisan","january 1, 2012","january 13, 2025","november 5, 2024"
311,bcdefc73-6b66-4c7d-979e-6d53e76886b8,Steven B. Gould,MD,male,unsure,white,"corporate, plaintiff-side civil private practice, misc. private practice, judicial","appointed, leg confirmed","september 11, 2021","december 31, 2032","november 2, 2032"
312,e9b1b2a0-f67a-4bf9-9790-e713e56152dd,Steven D. Ecker,CT,male,democrat,white,"corporate, plaintiff-side civil private practice, misc. private practice, judicial","appointed, leg confirmed","may 3, 2018","may 3, 2026",requires re-nomination and re-confirmation
313,27b5e369-43b7-4085-81fb-fd93dc6f0c9b,Steven R. Jensen,SD,male,republican,white,"misc. private practice, judicial","appointed, retention elected","november 3, 2017","january 5, 2029","november 7, 2028"
314,a6635e38-23c5-4a2e-b86a-6fba719d0f41,Stuart Rabner,NJ,male,democrat,white,"prosecutor, government civil (non civil rights), other exec branch experience","appointed, leg confirmed","june 29, 2007","june 30, 2030",no-reelection - must be renominated and re-confirmed
315,83a2ee39-6103-4f88-8462-ed1bf66121f9,Susan Christensen,IA,female,republican,white,"prosecutor, defend criminal legal system, misc. private practice, judicial","appointed, retention elected",2018,"december 31, 2028","november 7, 2028"
316,a9aab10d-5c93-4046-ba99-8ad36166b425,Susan Crawford,WI,female,democrat,white,"prosecutor, legal aid/non-govt civil rights, defend criminal legal system, plaintiff-side civil private practice, judicial, other exec branch experience",elected,"august 1, 2025","december 31, 2035","november 1, 2035"
317,75420309-7ebc-4947-9afb-d9872c0bd448,Susan M. Carney,AK,female,unsure,white,"public defender/other indigent defense, civil rights for govt","appointed, retention elected","may 12, 2016","february 1, 2031","november 5, 2030"
318,2936b5d5-2d9d-4339-be3c-b5464d6f5fb5,Tamara Barringer,NC,female,republican,white,"corporate, misc. private practice, legislative experience","elected, partisan","january 1, 2021","january 1, 2029","november 7, 2028"
319,97df571e-3a88-471a-8d3c-7ecb73b47294,Teresa M. Chafin,VA,female,republican,white,"misc. private practice, judicial",leg elected,"september 1, 2019","august 31, 2031",leg will have opp to reappoint at end of term - chafin will turn 73 in 2028 (before term ends)
320,b354517d-1b6c-4ccc-9bfd-6c5d981278a4,Theodora Gaitas,MN,female,unsure,white,"public defender/other indigent defense, judicial","appointed, elected, nonpartisan","august 1, 2024","january 1, 2026","november 3, 2026"
321,ffe33ddd-c9e7-422c-b4a2-8064d917ee64,Thomas D. Waterman,IA,male,republican,white,"plaintiff-side civil private practice, misc. private practice","appointed, retention elected",2011,"december 31, 2028","november 7, 2028"
322,46a3c972-0b1b-410d-81bb-6025d81709ae,Thomas Ewing,WV,male,republican,white,"misc. private practice, judicial",appointed,"august 7, 2025",2026,"may 1, 2026"
323,a57c2fa8-1141-42da-8fea-b08b932b3c61,Thomas Mann,VA,male,unsure,white,"plaintiff-side civil private practice, misc. private practice, judicial",leg elected,"july 1, 2022","june 30, 2034","leg election by june 30, 2034"
324,60429f9f-0da5-47b1-aaa2-4a6582483cc9,Todd W. Eddins,HI,male,unsure,white,"public defender/other indigent defense, misc. private practice, judicial","appointed, leg confirmed","december 11, 2020","december 11, 2030",requires majority of commission members approval
325,a1c2f688-bdc0-45f1-bfc8-fe63015f2cb0,Tommy Bryan,AL,male,republican,white,"government civil (non civil rights), judicial, other exec branch experience","elected, partisan",2013,"january 19, 2025","november 5, 2024"
326,ee3b30f5-07ea-47bb-80f7-6c54358f7af7,Travis Jett,OK,male,republican,white,"corporate, misc. private practice, other exec branch experience",appointed,"april 14, 2025",december 2026,"november 1, 2026"
327,3b017277-25db-44e6-b55c-dbd33aa907d7,Trey Allen,NC,male,republican,white,"prosecutor, misc. private practice, law professor/academia","elected, partisan","january 1, 2023",january 2031,"november 5, 2030"
328,d0d0b97c-7cf8-4d18-a0f7-2e31c6558944,Valerie Stanfill,ME,female,unsure,white,"other public interest org, plaintiff-side civil private practice, misc. private practice, judicial, law professor/academia","appointed, leg confirmed","june 8, 2021","june 8, 2028",n/a - requires reappointment/confirmation
329,01331291-8cc3-42fb-b7ec-322fcd646fc8,Verda M. Colvin,GA,female,unsure,black,"prosecutor, misc. private practice, judicial",appointed,"july 29, 2021","december 31, 2028","november 7, 2028"
330,773e9a0b-7b27-4837-8c34-46fa5838d582,Vijay Shanker,DC,male,unsure,indian american,"prosecutor, corporate, misc. private practice","appointed, leg confirmed","december 21, 2022",december 2037,n/a
331,2d3646d3-f802-40c3-b9da-2d113264bfc0,Vladimir Devens,HI,male,unsure,asian american,", pacific islander","other public interest org, plaintiff-side civil private practice, misc. private practice","appointed, leg confirmed","january 12, 2024","january 12, 2034"
332,359a1df7-97e7-4f44-ad69-535e7b653495,W. Brent Powell,MO,male,republican,white,"prosecutor, misc. private practice, judicial, legislative experience, relevant non-legal crime enforcement experience","appointed, retention elected",2017,"december 31, 2030","november 5, 2030"
333,8d4f73a1-45bd-48b8-b1f1-52a097397b06,Wayne Douglas,ME,male,unsure,white,"misc. private practice, judicial, other exec branch experience","appointed, leg confirmed","february 1, 2023","february 17, 2030",n/a - requires reappointment/confirmation
334,82447a01-9524-4c67-9a56-a112f6c86342,Wesley G. Russell Jr.,VA,male,unsure,white,"government civil (non civil rights), misc. private practice, judicial",leg elected,"july 1, 2022","june 30, 2034","leg election by june 30, 2034"
335,5772650b-cb0f-4c14-9dd1-c300bd6c6e0b,Will Parker,AL,male,republican,white,"government civil (non civil rights), other exec branch experience",appointed,"november 10, 2025",2026,"november 3, 2026 (special)"
336,0e130919-c331-4661-9cf5-49fba9a4505b,William B. Cassel,NE,male,republican,white,"misc. private practice, judicial","appointed, retention elected","may 9, 2012","january 5, 2029","november 7, 2028"
337,e8146e22-9a4e-4d09-b00d-619e83813d5a,William B. Sellers,AL,male,republican,white,"corporate, misc. private practice","appointed, elected, partisan","may 25, 2017","january 19, 2025","november 5, 2024"
338,3e5fa8b9-ce28-4f69-bea3-13aae812e8f5,William G. Montgomery,AZ,male,republican,white,"prosecutor, other public interest org, defend criminal legal system, government civil (non civil rights), misc. private practice","appointed, retention elected","september 9, 2019",january 2029,"november 2, 2028"
339,49301d52-f040-4919-9e99-afb6e862de0c,"William H. Bright, Jr.",CT,male,democrat,white,"corporate, judicial","appointed, leg confirmed","march 5, 2025",2032,
340,196d6e22-b102-4f36-bcff-1285cba19325,"William J. Musseman, Jr.",OK,male,republican,white,"prosecutor, judicial",appointed,2022,unsure,unsure
341,70795a32-bd32-450a-9d4c-2773002c026c,William P. Robinson III,RI,male,republican,white,misc. private practice,"appointed, leg confirmed",2004,lifetime,n/a - appointed for life
342,fdd4d547-ba40-4b79-a34b-f003a7fb4fa4,William R. Wooton,WV,male,democrat,white,"prosecutor, plaintiff-side civil private practice, misc. private practice, legislative experience","elected, nonpartisan","january 1, 2021",december 2032,tbd
343,57e39687-30bc-44d9-a5ef-ed0c347d77be,"William W. Hood, III",CO,male,democrat,white,"prosecutor, corporate, plaintiff-side civil private practice, misc. private practice, judicial","appointed, retention elected","january 13, 2014","january 11, 2027","november 3, 2026"
344,c6d6c71c-696e-4948-a181-eae5e3160689,Zel M. Fischer,MO,male,republican,white,"misc. private practice, judicial","appointed, retention elected",2008,"december 31, 2034","november 7, 2034"
