,case_id,name,description,ruling
0,S-18210-_Alaska_2022/10/21,Winfree,Concurred with majority opinion.,concur
1,S-18210-_Alaska_2022/10/21,Maassen,Concurred with majority opinion.,concur
2,S-18210-_Alaska_2022/10/21,Carney,Concurred with majority opinion.,concur
3,S-18210-_Alaska_2022/10/21,Borghesan,Concurred with majority opinion.,concur
4,S-18210-_Alaska_2022/10/21,Henderson,Concurred with majority opinion.,concur
5,"S-19083,-S-19113_Alaska_2025/03/28",Borghesan,"Concurred, argued that the superior court erred in striking down the correspondence study and allotment statutes entirely because they have many constitutional applications, and the question of using funds for private school tuition requires further proceedings with proper parties.",concur
6,"S-19083,-S-19113_Alaska_2025/03/28",Maassen,Concurred with majority opinion.,concur
7,"S-19083,-S-19113_Alaska_2025/03/28",Henderson,Concurred with majority opinion.,concur
8,"S-19083,-S-19113_Alaska_2025/03/28",Pate,Concurred with majority opinion.,concur
9,"S-19083,-S-19113_Alaska_2025/03/28",Winfree,Concurred with majority opinion.,concur
10,S-18814_Alaska_2025/01/17,"Borghesan, Justice","Concurred, arguing that the Alaska Constitution permits the use of a preponderance of evidence standard in prison disciplinary proceedings and that the plaintiff's procedural due process argument regarding saliva tests was not preserved for review.",concur
11,S-18814_Alaska_2025/01/17,"Maassen, Chief Justice",Concurred with majority opinion.,concur
12,S-18814_Alaska_2025/01/17,"Carney, Justice",Concurred with majority opinion.,concur
13,S-18814_Alaska_2025/01/17,"Henderson, Justice",Concurred with majority opinion.,concur
14,S-18814_Alaska_2025/01/17,"Pate, Justice",Concurred with majority opinion.,concur
15,S-18189_Alaska_2024/05/10,Winfree,Concurred with the majority opinion.,concur
16,S-18189_Alaska_2024/05/10,Maassen,Concurred with the majority opinion.,concur
17,S-18189_Alaska_2024/05/10,Carney,"Concurred, affirming that the city's ordinance limiting trapping is a valid exercise of municipal authority for public safety and land use, not preempted by state law.",concur
18,S-18189_Alaska_2024/05/10,Borghesan,Concurred with the majority opinion.,concur
19,S-18189_Alaska_2024/05/10,Henderson,Concurred with the majority opinion.,concur
20,S-17910_Alaska_2024/03/08,"Borghesan, Justice","Concurred, argued that the Alaska Constitution requires law enforcement to obtain a warrant before using aircraft and vision-enhancing technology to observe a home's curtilage, as such surveillance corrodes Alaskans' sense of security.",concur
21,S-17910_Alaska_2024/03/08,"Maassen, Justice","Concurred, argued that the court's opinion was too narrow and that any targeted aerial surveillance of curtilage from the air, with or without technological enhancements, should require a warrant under the Alaska Constitution's privacy protections.",concur
22,S-17910_Alaska_2024/03/08,"Carney, Justice",Concurred with Justice Maassen's opinion.,concur
23,S-17910_Alaska_2024/03/08,"Winfree, Chief Justice",Concurred with majority opinion.,concur
24,S-17910_Alaska_2024/03/08,"Henderson, Justice",Concurred with majority opinion.,concur
25,S-18619_Alaska_2024/03/01,Winfree,"Concurred with the majority opinion, finding that the superior court's factual findings, supported by the record, established Armstrong's residency began May 20, 2019, making her eligible for office.",concur
26,S-18619_Alaska_2024/03/01,Carney,"Dissented, arguing that Armstrong did not establish residency before June 1, 2019, and expressed concern that the majority's interpretation of residency rules could allow almost any tourist to immediately become a state resident.",dissent
27,S-18619_Alaska_2024/03/01,Henderson,"Concurred with the majority opinion, finding that the superior court's factual findings, supported by the record, established Armstrong's residency began May 20, 2019, making her eligible for office.",concur
28,S-18619_Alaska_2024/03/01,Maassen,Did not participate in the case.,other
29,S-18619_Alaska_2024/03/01,Borghesan,Did not participate in the case.,other
30,S-18481_Alaska_2024/02/09,Borghesan,"Concurred, argued that OCS's prolonged hospitalization of a child in its custody for psychiatric care without timely notice and hearing violated the child's procedural due process rights, though the civil commitment statutes were not the correct statutory framework.",concur
31,S-18481_Alaska_2024/02/09,Maassen,Concurred with majority opinion.,concur
32,S-18481_Alaska_2024/02/09,Carney,Concurred with majority opinion.,concur
33,S-18481_Alaska_2024/02/09,Henderson,Concurred with majority opinion.,concur
34,S-18481_Alaska_2024/02/09,Pate,Concurred with majority opinion.,concur
35,S-18114_Alaska_2023/12/29,Carney,"Concurred, affirming the superior court's decisions regarding the constitutional claim, preliminary injunction, and attorney's fees, noting that the 'hard look' doctrine already requires agencies to consider relevant information.",concur
36,S-18114_Alaska_2023/12/29,Winfree,"Concurred in part, arguing that the attorney's fees decision was based on how the issue was litigated and presented, and raising concerns about the application of statutes and rules to constitutional claims involving the State and private parties.",concur
37,S-18114_Alaska_2023/12/29,Henderson,Concurred with majority opinion.,concur
38,S-18114_Alaska_2023/12/29,Fabe,Concurred with majority opinion.,concur
39,S-18114_Alaska_2023/12/29,Bolger,Concurred with majority opinion.,concur
40,S-18114_Alaska_2023/12/29,Maassen,Did not participate.,other
41,S-18114_Alaska_2023/12/29,Borghesan,Did not participate.,other
42,S-18292_Alaska_2023/05/26,"Winfree, Chief Justice","Concurred, and delivered the opinion of the Court, holding that Article III, Section 16 of the Alaska Constitution bars the Attorney General's suit against the legislature, as such a suit, even if brought by the Attorney General, is considered an action brought in the name of the State against the legislature, aiming to influence legislative decision-making, which is prohibited.",concur
43,S-18292_Alaska_2023/05/26,"Maassen, Justice",Concurred with majority opinion.,concur
44,S-18292_Alaska_2023/05/26,"Carney, Justice",Concurred with majority opinion.,concur
45,S-18292_Alaska_2023/05/26,"Borghesan, Justice",Concurred with majority opinion.,concur
46,S-18292_Alaska_2023/05/26,"Henderson, Justice",Concurred with majority opinion.,concur
47,S-17772_Alaska_2023/05/26,"Carney, Justice","Concurred, argued that sulfolane is a hazardous substance and Williams is strictly liable for contamination, upholding most of the lower court's decisions, but remanding injunctive relief for more specificity.",concur
48,S-17772_Alaska_2023/05/26,"Winfree, Chief Justice",Concurred with majority opinion,concur
49,S-17772_Alaska_2023/05/26,"Maassen, Justice",Concurred with majority opinion,concur
50,S-17772_Alaska_2023/05/26,"Henderson, Justice",Concurred with majority opinion,concur
51,S-17772_Alaska_2023/05/26,"Eastaugh, Senior Justice",Concurred with majority opinion,concur
52,S-17772_Alaska_2023/05/26,"Borghesan, Justice",Did not participate in the case.,other
53,"S-17389,-S-17616_Alaska_2023/04/28",Henderson,"Concurred, argued that the prolonged pre-evaluation detentions of Abigail B. and Jethro S. were not reasonably related to the purpose of immediate transport for evaluation, thus violating their substantive due process rights.",concur
54,"S-17389,-S-17616_Alaska_2023/04/28",Winfree,Concurred with majority opinion,concur
55,"S-17389,-S-17616_Alaska_2023/04/28",Maassen,Concurred with majority opinion,concur
56,"S-17389,-S-17616_Alaska_2023/04/28",Carney,Concurred with majority opinion,concur
57,"S-17389,-S-17616_Alaska_2023/04/28",Borghesan,Did not participate in the decision,other
58,"18332,-18419,-7646_Alaska_2023/04/21","Winfree, Chief Justice","Concurred, wrote the majority opinion, explaining the reasoning behind the summary orders, affirming parts of the superior court's decision, and reversing others, particularly on gerrymandering and the Cantwell Appendage.",concur
59,"18332,-18419,-7646_Alaska_2023/04/21","Borghesan, Justice",Concurred with majority opinion.,concur
60,"18332,-18419,-7646_Alaska_2023/04/21","Henderson, Justice",Concurred with majority opinion.,concur
61,"18332,-18419,-7646_Alaska_2023/04/21","Matthews, Senior Justice",Concurred with majority opinion.,concur
62,"18332,-18419,-7646_Alaska_2023/04/21","Eastaugh, Senior Justice","Concurred, agreed fully with the court's resolution but expressed doubts about whether the described priorities for applying redistricting criteria were correct, though these doubts did not affect the outcome.",concur
63,S-17792_Alaska_2022/11/18,"Borghesan, Justice","Concurred, argued that AS 09.55.548(b) violates the Alaska Constitution's equal protection guarantee as applied to claimants whose insurers have a contractual right to reimbursement, despite finding that ERISA does not preempt the statute and the Lowe's Plan is not a federal program.",concur
64,S-17792_Alaska_2022/11/18,"Bolger, Chief Justice",Concurred with majority opinion.,concur
65,S-17792_Alaska_2022/11/18,"Winfree, Justice",Concurred with majority opinion.,concur
66,S-17792_Alaska_2022/11/18,"Maassen, Justice",Concurred with majority opinion.,concur
67,S-17792_Alaska_2022/11/18,"Carney, Justice",Concurred with majority opinion.,concur
68,S-18333_Alaska_2022/09/30,Winfree,"Concurred, arguing that the Higher Education Investment Fund is sweepable under the precedent set by Hickel v. Cowper, as it requires further appropriation before expenditure, and the court declines to overrule this precedent.",concur
69,S-18333_Alaska_2022/09/30,Maassen,Concurred with majority opinion.,concur
70,S-18333_Alaska_2022/09/30,Carney,Concurred with majority opinion.,concur
71,S-18333_Alaska_2022/09/30,Borghesan,Concurred with majority opinion.,concur
72,S-18333_Alaska_2022/09/30,Henderson,Concurred with majority opinion.,concur
73,S-17892_Alaska_2022/09/02,Borghesan,"Concurred, argued that removal from electronic monitoring implicates a prisoner's protected liberty interest under the Alaska Constitution, requiring due process, but found that the DOC's decision was not from an adjudicative process suitable for appellate review.",concur
74,S-17892_Alaska_2022/09/02,Winfree,Concurred with majority opinion.,concur
75,S-17892_Alaska_2022/09/02,Maassen,Concurred with majority opinion.,concur
76,S-17892_Alaska_2022/09/02,Carney,Concurred with majority opinion.,concur
77,"S-17666,-S-17785_Alaska_2022/08/12",Maassen,"Concurred, argued that the Alaska Constitution implies an annual budgeting requirement and forward funding undermines the comprehensive planning and budgeting flexibility intended by the framers.",concur
78,"S-17666,-S-17785_Alaska_2022/08/12",Bolger,Concurred with majority opinion.,concur
79,"S-17666,-S-17785_Alaska_2022/08/12",Winfree,Concurred with majority opinion.,concur
80,"S-17666,-S-17785_Alaska_2022/08/12",Carney,Concurred with majority opinion.,concur
81,"S-17666,-S-17785_Alaska_2022/08/12",Matthews,Concurred with majority opinion.,concur
82,"S-17666,-S-17785_Alaska_2022/08/12",Borghesan,Did not participate in the case.,other
83,S-17411_Alaska_2022/07/22,Maassen,"Concurred, concluding that the superior court appropriately applied sentencing benchmarks and aggravating factors, and did not abuse its discretion regarding general deterrence and community condemnation, but did abuse discretion in admitting certain victim impact evidence without prior review.",concur
84,S-17411_Alaska_2022/07/22,Carney,"Dissented, arguing that while concurring on several points like the Page benchmark and non-recusal, the court's discussion of victim tribute videos was insufficient, and the superior court abused its discretion more broadly by allowing itself to be swayed by emotional presentations and failing to guard against sentencing disparities.",dissent
85,"S-17802,-S-17821_Alaska_2022/04/15",Maassen,"Concurred, argued that the housing authority had a tort duty to inspect the boiler, which was still in effect, and that the jury's finding of negligence was supported by evidence. Also affirmed the application of the statutory damages cap to Dietrich's award and the separate capping of family members' emotional distress damages.",concur
86,"S-17802,-S-17821_Alaska_2022/04/15",Bolger,Concurred with majority opinion,concur
87,"S-17802,-S-17821_Alaska_2022/04/15",Winfree,Concurred with majority opinion,concur
88,"S-17802,-S-17821_Alaska_2022/04/15",Carney,Concurred with majority opinion,concur
89,"S-17802,-S-17821_Alaska_2022/04/15",Eastaugh,Concurred with majority opinion,concur
90,S-18109_Alaska_2022/03/09,"Winfree, Chief Justice",Concurred with majority opinion.,concur
91,S-18109_Alaska_2022/03/09,"Maassen, Justice",Concurred with majority opinion.,concur
92,S-18109_Alaska_2022/03/09,"Carney, Justice",Concurred with majority opinion.,concur
93,S-18109_Alaska_2022/03/09,"Borghesan, Justice",Concurred with majority opinion.,concur
94,S-18109_Alaska_2022/03/09,"Henderson, Justice",Concurred with majority opinion.,concur
95,S-17297_Alaska_2022/01/28,Winfree,"Concurred, argued that the judiciary's role is limited to ensuring constitutional principles are followed and not making legislative policy judgments on natural resource management and climate change, which are committed to the political branches.",concur
96,S-17297_Alaska_2022/01/28,Bolger,Concurred with majority opinion.,concur
97,S-17297_Alaska_2022/01/28,Stowers,Concurred with majority opinion.,concur
98,S-17297_Alaska_2022/01/28,Maassen,"Dissented, argued that the court should explicitly recognize a constitutional right to a livable climate and that a declaratory judgment would be a small but necessary step to address this existential crisis.",dissent
99,S-17297_Alaska_2022/01/28,Carney,"Dissented, joined Justice Maassen's dissenting opinion.",dissent
100,S-17577_Alaska_2022/01/21,"Bolger, Chief Justice","Concurred, arguing that the option to purchase dental insurance is an accrued benefit, but both coverage and premiums must be considered when evaluating its value for diminishment analysis.",concur
101,S-17577_Alaska_2022/01/21,"Winfree, Justice","Dissented, arguing that the legislature only authorized discretionary, self-funded dental benefits, not constitutionally protected mandatory accrued benefits, and the court oversteps its role.",dissent
102,S-17577_Alaska_2022/01/21,"Maassen, Justice",Concurred with majority opinion.,concur
103,S-17577_Alaska_2022/01/21,"Matthews, Senior Justice",Concurred with majority opinion.,concur
104,S-17577_Alaska_2022/01/21,"Eastaugh, Senior Justice",Concurred with majority opinion.,concur
105,S-18003_Alaska_2021/11/12,"Maassen, Justice","Concurred, arguing that defining legislative inaction as rejection violates the Alaska Constitution's requirement for a joint session vote for confirmation or rejection of gubernatorial appointees, based on plain text and constitutional history.",concur
106,S-18003_Alaska_2021/11/12,"Winfree, Justice",Concurred with majority opinion.,concur
107,S-18003_Alaska_2021/11/12,"Carney, Justice",Concurred with majority opinion.,concur
108,S-18003_Alaska_2021/11/12,"Borghesan, Justice",Concurred with majority opinion.,concur
109,S-18003_Alaska_2021/11/12,"Fabe, Senior Justice",Concurred with majority opinion.,concur
110,S-18003_Alaska_2021/11/12,"Bolger, Chief Justice",Did not participate in the case.,other
111,S-17902_Alaska_2021/09/17,Maassen,"Concurred, argued that the absentee ballot witness requirement imposed a substantial constitutional burden on the right to vote during the COVID-19 pandemic, which the State's interests in deterring fraud and promoting voter confidence did not sufficiently justify.",concur
112,S-17902_Alaska_2021/09/17,Bolger,Concurred with majority opinion.,concur
113,S-17902_Alaska_2021/09/17,Winfree,Concurred with majority opinion.,concur
114,S-17902_Alaska_2021/09/17,Carney,Concurred with majority opinion.,concur
115,S-17902_Alaska_2021/09/17,Borghesan,Concurred with majority opinion.,concur
116,S-17706_Alaska_2021/07/16,"Maassen, Justice","Concurred, argued that the recall application met legal requirements and that it is for the voters, not the court, to decide the truth and seriousness of the allegations, interpreting recall statutes liberally to preserve constitutional rights.",concur
117,S-17706_Alaska_2021/07/16,"Stowers, Justice","Dissented in part, argued that the governor's line-item veto power is broad constitutional discretion and the court should determine if a constitutional violation actually occurred before leaving it to the voters to decide if the allegations merit recall.",dissent
118,S-17706_Alaska_2021/07/16,"Winfree, Justice",Concurred with majority opinion.,concur
119,S-17706_Alaska_2021/07/16,"Carney, Justice",Concurred with majority opinion.,concur
120,S-17706_Alaska_2021/07/16,"Eastaugh, Senior Justice",Concurred with majority opinion.,concur
121,S-17706_Alaska_2021/07/16,"Bolger, Chief Justice",Not participating.,other
122,S-17887_Alaska_2021/07/09,Bolger,"Concurred, argued that the superior court did not abuse its discretion by denying the injunction because granting it would have imperiled the public interest in an orderly and timely election, regardless of the merits of Galvin's claims.",concur
123,S-17887_Alaska_2021/07/09,Winfree,Concurred with majority opinion.,concur
124,S-17887_Alaska_2021/07/09,Maassen,"Dissented, argued that the superior court should have issued the injunction as Galvin was likely to succeed on her statutory claim, the public interest includes a proper ballot, and evidence did not support a finding that injunctive relief would disrupt an orderly election.",dissent
125,S-17887_Alaska_2021/07/09,Carney,"Dissented, joining Justice Maassen's opinion.",dissent
126,S-17887_Alaska_2021/07/09,Eastaugh,Concurred with majority opinion.,concur
127,S-16752_Alaska_2021/05/28,Bolger,"Concurred, argued that the legislature could reasonably decide to treat misdemeanor traffic violations consistently to promote public safety and protect juvenile offenders from the harsh collateral consequences of a felony conviction, thus finding the statute constitutional.",concur
128,S-16752_Alaska_2021/05/28,Winfree,Concurred with majority opinion.,concur
129,S-16752_Alaska_2021/05/28,Maassen,Concurred with majority opinion.,concur
130,S-16752_Alaska_2021/05/28,Stowers,"Dissented, argued that the juvenile court exclusion statute facially discriminates between minors accused of felony DUI and misdemeanor DUI, and there is not a close relationship between the State's interests and this classification, thus violating equal protection rights.",dissent
131,S-16752_Alaska_2021/05/28,Carney,Dissented with Justice Stowers' opinion.,dissent
132,S-17157_Alaska_2021/04/02,"Maassen, Justice","Concurred, argued that the statutory reinstatement right for former public employees was an accrued benefit protected by the constitution and its repeal was unconstitutional.",concur
133,S-17157_Alaska_2021/04/02,"Carney, Justice","Dissented, argued that the statutory right to reinstatement was not an accrued benefit and former members, having withdrawn contributions, were not constitutionally protected.",dissent
134,S-17157_Alaska_2021/04/02,"Fabe, Senior Justice",Dissented with majority opinion.,dissent
0,24-0384;-24-0385;-24-0387_Texas_2026/04/24,James D. Blacklock,"Concurred, argued that while Dr. Mooney might have standing, the merits of the case dictate vacating the injunctions because gender-transition treatments for children have been outlawed in Texas and upheld by higher courts, rendering the legal theories moot.",concur
1,24-0892_Texas_2026/03/13,James D. Blacklock,"Concurred, argued that the district court erred by analyzing the original CID instead of the revised one and by substituting its own judgment for the Attorney General's reasonable belief regarding the relevance of PFLAG's documents to an investigation of deceptive billing practices.",concur
2,24-0892_Texas_2026/03/13,Sullivan,"Other, did not participate in the decision.",other
3,24-0162_Texas_2025/06/27,James D. Blacklock,"Concurred, arguing that section 552.321(b) is a venue provision that does not expand district courts' jurisdiction to issue writs of mandamus against constitutional executive officers, which remains exclusive to the Supreme Court under section 22.002(c).",concur
4,24-0162_Texas_2025/06/27,Justice Young,"Concurred, arguing that the court of appeals made mistaken holdings regarding the legislature's authority to authorize district courts to issue mandamus against executive officers, especially the governor, believing no court can issue such a writ against the governor due to his unique constitutional status.",concur
5,24-0162_Texas_2025/06/27,Justice Sullivan,"Other, did not participate in the decision.",other
6,23-0192-_Texas_2025/05/30,Justice Young,"Concurred, arguing that the Texas Constitution prohibits courts from issuing advisory opinions in moot cases, and there is no public-interest exception to this constitutional mandate.",concur
7,23-0192-_Texas_2025/05/30,Chief Justice Blacklock,Did not participate in the decision.,other
8,23-0192-_Texas_2025/05/30,Justice Sullivan,Did not participate in the decision.,other
9,"WR-45,746-04_Texas_2025/07/30","Schenck, P.J.","Concurred with the decision to remand for further evidence development, but dissented from the lack of specific guidance in the remand order and the omission of a directive for DNA testing, arguing for a less stringent standard for actual innocence claims in capital cases under the Texas Constitution.",other
10,"WR-45,746-04_Texas_2025/07/30","Yeary, J.","Dissented, arguing that Judge Schenck's opinion gives insufficient weight to the state's finality interest and that the writ should not be open to state constitutional claims for actual innocence based on the framers' original intent.",dissent
11,23-0703_Texas_2025/06/27,Evan A. Young,"Concurred, argued that the Court correctly interpreted § 22.207 of the Business Organizations Code, which protects religious organizations' authority and autonomy, and highlighted the importance of the church-autonomy doctrine, suggesting the Texas Constitution may offer even stronger protections than the federal one.",concur
12,23-0703_Texas_2025/06/27,Justice Devine,"Concurred, argued that he joined Justice Young's opinion in full.",concur
13,23-0703_Texas_2025/06/27,Justice Sullivan,"Concurred, argued that he joined Justice Young's opinion in full.",concur
14,23-0703_Texas_2025/06/27,Chief Justice Blacklock,"Concurred, argued that he joined Justice Young's opinion regarding the interpretation of § 22.207 and the discussion of the Texas church-autonomy doctrine.",concur
15,24-0573_Texas_2025/05/30,Evan A. Young,"Concurred, arguing that the trial court erred in denying leave to file a quo warranto action and in granting a permanent injunction against records requests, and that the records request statute is not facially unconstitutional when interpreted to allow for precompliance review.",concur
16,24-0573_Texas_2025/05/30,Justice Sullivan,Did not participate in the decision.,other
17,23-0067_Texas_2025/05/02,Justice Bland,"Concurred, arguing that protective orders prohibiting parental contact for over two years significantly interfere with fundamental parental rights, similar to termination of parental rights, and therefore require a clear and convincing evidentiary standard and consideration of the child's best interest.",concur
18,23-0474_Texas_2025/03/21,Jeffrey S. Boyd,"Concurred, argued that a regulation can cause a compensable Texas taking even if it results from a valid exercise of the government's police power or is intended to promote compliance with the federal flood-insurance program, and that the plaintiff's claims were ripe and they had standing.",concur
19,24-0714_Texas_2025/06/13,James P. Sullivan,"Dissented, argued that the court should decline to answer the certified question as it was an advisory opinion on a new, unconstrued provision and that the court should not answer a question the Fifth Circuit didn't explicitly ask.",dissent
20,23-0767_Texas_2025/05/09,John P. Devine,"Concurred, argued that new legislation provides a non-judicial means for property owners to secure release from the ETJ, making it unnecessary to rule on constitutional claims at this stage, and judicial restraint demands avoiding such rulings.",concur
21,23-0767_Texas_2025/05/09,Chief Justice Blacklock,Concurred with majority opinion.,concur
22,23-0767_Texas_2025/05/09,Justice Lehrmann,Concurred with majority opinion.,concur
23,23-0767_Texas_2025/05/09,Justice Boyd,Concurred with majority opinion.,concur
24,23-0767_Texas_2025/05/09,Justice Busby,Concurred with majority opinion.,concur
25,23-0767_Texas_2025/05/09,Justice Bland,Concurred with majority opinion.,concur
26,23-0767_Texas_2025/05/09,Justice Huddle,Concurred with majority opinion.,concur
27,23-0767_Texas_2025/05/09,Justice Young,Concurred with majority opinion.,concur
28,23-0767_Texas_2025/05/09,Justice Sullivan,"Concurred in part and dissented in part, argued that the lower courts erred in finding the republican-form-of-government claim nonjusticiable and that the plaintiffs should not be compelled to pursue the statutory opt-out process before litigating their constitutional claims.",dissent
29,"PD-0522-21,-PD-0523-21,-PD-0524-21_Texas_2024/09/11","Slaughter, J.","Concurred, argued that the Legislature intended for the TEC to have exclusive jurisdiction over campaign-law violations, requiring exhaustion of administrative remedies before criminal prosecution, based on the extensive statutory scheme and the agency's expertise.",concur
30,"PD-0522-21,-PD-0523-21,-PD-0524-21_Texas_2024/09/11","Hervey, J.",Concurred with majority opinion.,concur
31,"PD-0522-21,-PD-0523-21,-PD-0524-21_Texas_2024/09/11","Richardson, J.",Concurred with majority opinion.,concur
32,"PD-0522-21,-PD-0523-21,-PD-0524-21_Texas_2024/09/11","Newell, J.",Concurred with majority opinion.,concur
33,"PD-0522-21,-PD-0523-21,-PD-0524-21_Texas_2024/09/11","Walker, J.",Concurred with majority opinion.,concur
34,"PD-0522-21,-PD-0523-21,-PD-0524-21_Texas_2024/09/11","Keller, P.J.","Dissented, argued that the majority mistakenly focuses on prosecutorial power instead of trial court jurisdiction, and exclusive jurisdiction should not apply to criminal prosecutions without explicit legislative language.",dissent
35,"PD-0522-21,-PD-0523-21,-PD-0524-21_Texas_2024/09/11","Yeary, J.","Dissented with Keller, P.J.'s opinion.",dissent
36,"PD-0522-21,-PD-0523-21,-PD-0524-21_Texas_2024/09/11","Keel, J.","Dissented with Keller, P.J.'s opinion.",dissent
37,"PD-0522-21,-PD-0523-21,-PD-0524-21_Texas_2024/09/11","McClure, J.",Concurred with the majority opinion.,concur
38,24-0426_Texas_2024/08/23,Evan A. Young,"Concurred, argued that Senate Bill 1045 is constitutional as the legislature has broad authority to create courts and define their jurisdiction, and the judge appointment process aligns with constitutional provisions and election regulations.",concur
39,22-1149_Texas_2024/06/28,Evan A. Young,"Concurred, argued that Article 10 of the collective-bargaining agreement, when properly interpreted to authorize only lawful conduct, does not violate the Texas Constitution's Gift Clauses and serves a legitimate public purpose, while reversing sanctions against petitioners.",concur
40,22-1149_Texas_2024/06/28,Chief Justice Hecht,Concurred with majority opinion.,concur
41,22-1149_Texas_2024/06/28,Justice Lehrmann,Concurred with majority opinion.,concur
42,22-1149_Texas_2024/06/28,Justice Blacklock,Concurred with majority opinion.,concur
43,22-1149_Texas_2024/06/28,Justice Bland,Concurred with majority opinion.,concur
44,22-1149_Texas_2024/06/28,Justice Huddle,Concurred with majority opinion.,concur
45,22-1149_Texas_2024/06/28,Justice Busby,"Dissented in part and concurred in the judgment in part, argued that the City violated Gift Clauses by providing publicly funded leave without sufficient public control, leading to common misuse for private and political purposes, and that the Court's reinterpretation of the agreement deprives parties of fair notice, while concurring with reversing TCPA sanctions.",dissent
46,22-1149_Texas_2024/06/28,Justice Boyd,"Dissented, arguing that the City violated Gift Clauses by providing publicly funded leave without sufficient public control, leading to common misuse for private and political purposes, and that the Court's reinterpretation of the agreement deprives parties of fair notice.",dissent
47,22-1149_Texas_2024/06/28,Justice Devine,"Dissented, arguing that the City violated Gift Clauses by providing publicly funded leave without sufficient public control, leading to common misuse for private and political purposes, and that the Court's reinterpretation of the agreement deprives parties of fair notice.",dissent
48,24-0325_Texas_2024/06/14,James D. Blacklock,"Concurred, argued that the State raised serious doubt about the constitutionality of the Uplift Harris program, and potential constitutional violations could not be remedied if payments commenced, requiring a stay to preserve parties' rights and uphold democratic norms.",concur
49,22-0585_Texas_2024/05/17,J. Brett Busby,"Concurred, argued that TxDOT's immunity from the negligence claim was not waived, but the Selfs had a viable claim for inverse condemnation because TxDOT intentionally directed the trees' destruction.",concur
50,23-0565_Texas_2024/04/26,James D. Blacklock,"Concurred, argued that the Pandemic Liability Protection Act (PLPA) does not violate the retroactivity clause of the Texas Constitution because Hogan had no reasonable and settled expectation of recovery for damages from SMU under the unprecedented circumstances of the pandemic.",concur
51,23-0697_Texas_2024/06/28,Rebeca A. Huddle,"Concurred, arguing that plaintiffs failed to establish a probable right that the Legislature's prohibition of certain treatments for children with gender dysphoria violates the Texas Constitution, as parental rights are not absolute, and the Legislature has constitutional authority to regulate medical practice.",concur
52,23-0697_Texas_2024/06/28,Chief Justice Hecht,Concurred with majority opinion.,concur
53,23-0697_Texas_2024/06/28,Justice Boyd,Concurred with majority opinion.,concur
54,23-0697_Texas_2024/06/28,Justice Devine,Concurred with majority opinion.,concur
55,23-0697_Texas_2024/06/28,Justice Blacklock,Concurred with majority opinion.,concur
56,23-0697_Texas_2024/06/28,Justice Busby,Concurred with majority opinion.,concur
57,23-0697_Texas_2024/06/28,Justice Bland,Concurred with majority opinion.,concur
58,23-0697_Texas_2024/06/28,Justice Young,Concurred with majority opinion.,concur
59,23-0697_Texas_2024/06/28,Justice Lehrmann,"Dissented, arguing that the majority's decision relied on an untraditional request for relief under substantive due process and overstated the parental right to control medical decisions for children.",dissent
60,22-0102_Texas_2024/03/15,Evan A. Young,"Concurred, argued that a city ordinance cannot bestow a perpetual veto right on a third party, as it constitutes an impermissible alienation of lawmaking authority and violates the nonentrenchment doctrine.",concur
61,PD-0280-22_Texas_2024/02/07,"Newell, J.","Concurred, argued that the alternate juror's participation was a statutory violation but not a constitutional one, and remanded for a statutory harm analysis while disavowing the presumption of harm.",concur
62,PD-0280-22_Texas_2024/02/07,"Hervey, J.",Concurred with majority opinion.,concur
63,PD-0280-22_Texas_2024/02/07,"Richardson, J.",Concurred with majority opinion.,concur
64,PD-0280-22_Texas_2024/02/07,"Walker, J.",Concurred with majority opinion.,concur
65,PD-0280-22_Texas_2024/02/07,"McClure, J.",Concurred with majority opinion.,concur
66,PD-0280-22_Texas_2024/02/07,"Yeary, J.","Dissented, argued that the alternate juror's participation was a constitutional violation and harmful, and disagreed with abandoning the presumption of harm.",dissent
67,PD-0280-22_Texas_2024/02/07,"Keel, J.","Dissented, argued that the alternate juror's presence and participation was not an error, neither constitutionally nor statutorily, and was therefore not harmful.",dissent
68,PD-0280-22_Texas_2024/02/07,"Keller, P.J.",Dissented with Judge Keel's opinion.,dissent
69,PD-0280-22_Texas_2024/02/07,"Slaughter, J.",Dissented with Judge Keel's opinion.,dissent
70,22-1145_Texas_2024/06/28,Debra H. Lehrmann,"Dissented, argued that exhaustion of administrative remedies was a jurisdictional prerequisite and that the court should have dismissed the judge's claims.",dissent
71,D-1-GN-23-000968_Texas_2024/05/31,Jane N. Bland,"Concurred, argued that the Human Life Protection Act, properly construed, permits life-saving abortions based on reasonable medical judgment to avert the mother's death or serious physical impairment, and that the trial court's injunction unconstitutionally departed from this clear meaning.",concur
72,D-1-GN-23-000968_Texas_2024/05/31,Justice Lehrmann,Concurred with majority opinion.,concur
73,D-1-GN-23-000968_Texas_2024/05/31,Justice Busby,Concurred with majority opinion.,concur
74,23-0656_Texas_2023/08/14,Karin Crump,"Concurred, argued that Harris County demonstrated a valid cause of action, a probable right to relief, and imminent and irreparable injury, and that SB 1750 is likely an unconstitutional local law.",concur
75,PD-1102-20_Texas_2023/06/21,Walker,"Concurred, delivered the opinion of the Court, holding that speedy trial claims are not cognizable in pretrial habeas corpus and would be undermined by such litigation, with mandamus or post-trial appeal being the proper remedies.",concur
76,PD-1102-20_Texas_2023/06/21,Keller,Concurred with majority opinion.,concur
77,PD-1102-20_Texas_2023/06/21,Hervey,Concurred with majority opinion.,concur
78,PD-1102-20_Texas_2023/06/21,Richardson,Concurred with majority opinion.,concur
79,PD-1102-20_Texas_2023/06/21,Newell,Concurred with majority opinion.,concur
80,PD-1102-20_Texas_2023/06/21,Keel,Concurred with majority opinion.,concur
81,PD-1102-20_Texas_2023/06/21,Slaughter,Concurred with majority opinion.,concur
82,PD-1102-20_Texas_2023/06/21,McClure,Concurred with majority opinion.,concur
83,PD-1102-20_Texas_2023/06/21,Yeary,Concurred with majority opinion.,concur
84,21-1037_Texas_2023/04/21,Jane N. Bland,"Concurred, argued that the City's primacy clause imposing a higher voting threshold for charter amendments violates state law and that voter-approved amendments must take effect upon official declaration.",concur
85,21-0518_Texas_2023/03/31,Jane N. Bland,"Concurred, argued that Chapter 174's judicial enforcement provisions provide reasonable standards and do not violate separation of powers or governmental immunity, and that Chapter 174 preempts the local pay-parity amendment because it establishes an inconsistent compensation measurement.",concur
86,21-0518_Texas_2023/03/31,Justice Huddle,Did not participate in the decision.,other
87,21-0518_Texas_2023/03/31,Justice Young,Did not participate in the decision.,other
88,21-1039_Texas_2023/02/24,Jane N. Bland,"Concurred, argued that the challenged statements are constitutionally protected opinions about abortion law, made in pursuit of changing that law, and do not constitute defamation.",concur
89,21-1039_Texas_2023/02/24,John P. Devine,"Concurred, argued that the lawsuits were meritless attempts to silence political adversaries, and emphasized that Texas laws criminalizing abortion remained on the books even when Roe v. Wade declared them unconstitutional, and are now enforceable post-Dobbs.",concur
90,21-1039_Texas_2023/02/24,Jimmy Blacklock,Concurred with majority opinion.,concur
91,20-0923_Texas_2023/02/17,J. Brett Busby,"Concurred, argued that Chapter 33 mandates a credit for the daughter's settlement and that the TMLA requires periodic payments for future medical expenses, concluding these actions do not violate the Open Courts provision.",concur
92,20-0923_Texas_2023/02/17,Chief Justice Marion,"Dissented, disagreed with the majority's conclusion on the settlement credit, although agreeing its application would not violate the Open Courts provision.",dissent
93,20-0923_Texas_2023/02/17,Justice Alvarez,"Dissented, disagreed with the majority's conclusion on the settlement credit, although agreeing its application would not violate the Open Courts provision.",dissent
94,"21-0130,-21-0133_Texas_2022/11/18",Justice Blacklock,Did not participate in this decision.,other
95,"21-0130,-21-0133_Texas_2022/11/18",Justice Young,Did not participate in this decision.,other
96,"21-0130,-21-0133_Texas_2022/11/18",Chief Justice Bonnie Sudderth,Did not participate in this decision regarding Respondents' objections to their appointment.,other
97,"21-0130,-21-0133_Texas_2022/11/18",Justice Jaime Tijerina,Did not participate in this decision regarding Respondents' objections to their appointment.,other
98,21-0547_Texas_2022/09/02,John P. Devine,"Dissented, argued that the Court's denial of review unconstitutionally denied Dr. Nath his fundamental right to a jury trial on the attorney's fees sanctions, which is a core constitutional safeguard.",dissent
99,21-0547_Texas_2022/09/02,Busby,"Dissented, arguing that the Court's denial of review unconstitutionally denied Dr. Nath his fundamental right to a jury trial on the attorney's fees sanctions, which is a core constitutional safeguard.",dissent
100,21-1045_Texas_2022/06/24,Justice Boyd,"Concurred, argued that the due-course clause does not protect the interest in manufacturing smokable hemp products because it is neither a liberty interest nor a vested property right given the long history of prohibition.",concur
101,21-1045_Texas_2022/06/24,Justice Young,"Concurred, argued that the statute is valid under any applicable due-course clause standard and emphasized the need for the court to clarify the clause's scope in future cases.",concur
102,21-1045_Texas_2022/06/24,Chief Justice Hecht,Concurred with Justice Young's opinion.,concur
103,21-1045_Texas_2022/06/24,Justice Devine,Concurred with Justice Young's opinion.,concur
104,21-1045_Texas_2022/06/24,Justice Blacklock,Concurred with Justice Young's opinion.,concur
105,22-0008_Texas_2022/06/24,Debra H. Lehrmann,"Concurred, argued that MALC lacked associational standing and Gutierrez Plaintiffs' Section 28 claim was facially invalid and barred by sovereign immunity, but their Section 26 claim was not facially invalid and could proceed after repleading against a proper defendant.",concur
106,22-0008_Texas_2022/06/24,Nathan L. Hecht,"Dissented, argued that the case was moot or not ripe, and the majority opinion was an improper advisory opinion.",dissent
107,22-0008_Texas_2022/06/24,Boyd,"Dissented, argued that the case was moot or not ripe, and the majority opinion was an improper advisory opinion.",dissent
108,22-0008_Texas_2022/06/24,Blacklock,"Dissented, argued that the case was moot or not ripe, and the majority opinion was an improper advisory opinion.",dissent
109,21-1088_Texas_2022/06/03,Rebeca A. Huddle,"Concurred, argued that Survitec had no reasonable expectation to continue an at-will agreement indefinitely and had sufficient time to adapt to the Act's requirements before its effective date.",concur
110,20-0309_Texas_2022/05/13,Jane N. Bland,"Concurred, argued that the City's utility enforcement actions did not establish a regulatory taking of private property as a matter of law.",concur
111,20-0309_Texas_2022/05/13,Justice Young,"Concurred, argued that no federally cognizable taking occurred under the Fifth Amendment, while also noting that the Texas Takings Clause is broader but was not adequately briefed.",concur
112,20-0309_Texas_2022/05/13,Justice Lehrmann,Concurred with majority opinion and Justice Young's concurring opinion.,concur
113,20-0309_Texas_2022/05/13,Justice Blacklock,Concurred with majority opinion and Justice Young's concurring opinion.,concur
114,20-0309_Texas_2022/05/13,Justice Busby,Concurred with majority opinion and Justice Young's concurring opinion.,concur
115,"PD-1032-20,-PD-1033-20_Texas_2022/09/28","Yeary, J.","Dissented, argued that the Court's denial of rehearing was flawed because the original opinion erred in dismissing the indictment, Stephens lacked standing to challenge the AG's representation, and the Court failed to adequately consider the executive nature of prosecutorial power and other constitutional provisions that could authorize the AG's role in election law prosecution, and relied on a false premise.",dissent
116,21-0667_Texas_2021/08/17,Justice Blacklock,"Concurred, argued that the Texas Constitution's plain text, historical understanding, and judicial precedent (including Kilbourn v. Thompson) confirm the House's authority to physically compel absent members' attendance to achieve a quorum, and the district court abused its discretion by issuing an ex parte TRO.",concur
117,19-0962_Texas_2021/06/11,Justice Busby,"Concurred, argued that the Constitution requires actual public ownership for tax exemptions, which Odyssey does not have, and that statutory recharacterization is insufficient.",concur
118,19-0962_Texas_2021/06/11,Justice Lehrmann,Concurred with majority opinion.,concur
119,19-0962_Texas_2021/06/11,Justice Boyd,Concurred with majority opinion.,concur
120,19-0962_Texas_2021/06/11,Justice Devine,Concurred with majority opinion.,concur
121,19-0962_Texas_2021/06/11,Justice Blacklock,Concurred with majority opinion.,concur
122,19-0962_Texas_2021/06/11,Justice Bland,Concurred with majority opinion.,concur
123,19-0962_Texas_2021/06/11,Justice Guzman,"Dissented, argued that Article XI of the Texas Constitution provides an exemption for property ""devoted exclusively to the use and benefit of the public,"" which the charter school's campus satisfies, regardless of fee ownership.",dissent
124,19-0962_Texas_2021/06/11,Chief Justice Hecht,Dissented with majority opinion.,dissent
125,19-0962_Texas_2021/06/11,Justice Huddle,Dissented with majority opinion.,dissent
126,19-0440_Texas_2021/04/16,Justice Busby,"Concurred, argued that academic dismissal for poor performance does not carry sufficient stigma to implicate a protected liberty interest, and that the university provided adequate procedural due course of law.",concur
127,19-0440_Texas_2021/04/16,Justice Massengale,"Concurred with the judgment based on precedent, but questioned whether Texas courts should interpret the Constitution to protect a liberty interest in a student's reputation associated with the pursuit of graduate education.",concur
128,19-0767_Texas_2021/04/16,Chief Justice Hecht,"Concurred, argued that civil courts have jurisdiction over preemption claims even when local ordinances carry criminal penalties, and that TPGA has standing to bring its singular preemption claim.",concur
129,19-0767_Texas_2021/04/16,Justice Guzman,Concurred with majority opinion.,concur
130,19-0767_Texas_2021/04/16,Justice Lehrmann,Concurred with majority opinion.,concur
131,19-0767_Texas_2021/04/16,Justice Devine,Concurred with majority opinion.,concur
132,19-0767_Texas_2021/04/16,Justice Busby,Concurred with majority opinion.,concur
133,19-0767_Texas_2021/04/16,Justice Bland,Concurred with majority opinion.,concur
134,19-0767_Texas_2021/04/16,Justice Huddle,Concurred with majority opinion.,concur
135,19-0767_Texas_2021/04/16,Justice Blacklock,"Concurred in part and dissented in part, argued that while TPGA adequately pleaded injury for some regulations, it lacked standing for an omnibus challenge to all regulations without showing injury for each specific provision.",other
136,19-0767_Texas_2021/04/16,Justice Boyd,"Concurred in part and dissented in part, agreeing with Justice Blacklock's opinion regarding TPGA's standing.",other
137,"PD-0856-19,-PD-0857-19_Texas_2021/03/31",P.J. Keller,"Concurred, argued that an appeal suspends the obligation to pay court costs, making the assessment of the time payment fee premature.",concur
138,"PD-0856-19,-PD-0857-19_Texas_2021/03/31",Hervey,Concurred with majority opinion.,concur
139,"PD-0856-19,-PD-0857-19_Texas_2021/03/31",Richardson,Concurred with majority opinion.,concur
140,"PD-0856-19,-PD-0857-19_Texas_2021/03/31",Newell,Concurred with majority opinion.,concur
141,"PD-0856-19,-PD-0857-19_Texas_2021/03/31",Walker,Concurred with majority opinion.,concur
142,"PD-0856-19,-PD-0857-19_Texas_2021/03/31",Yeary,"Dissented, argued that the time payment fee is a legitimate court cost and previous rulings (*Peraza*, *Salinas*) on separation of powers were incorrect.",dissent
143,"PD-0856-19,-PD-0857-19_Texas_2021/03/31",Keel,Dissented with majority opinion.,dissent
144,"PD-0856-19,-PD-0857-19_Texas_2021/03/31",Slaughter,Dissented with majority opinion.,dissent
145,"PD-0856-19,-PD-0857-19_Texas_2021/03/31",McClure,Dissented with majority opinion.,dissent
0,2024AP000126_Wisconsin_2026/04/10,Jill J. Karofsky,"Concurred, argued that the legislature's power to alter or suspend common law causes of action means that the right to a jury trial does not attach when such causes of action are abrogated, thus § 895.4801 does not violate the constitutional jury trial right.",concur
1,2022AP959-CR_Wisconsin_2025/06/27,Rebecca Grassl Bradley,"Concurred, argued that Ramirez's speedy trial right was not violated because the lengthy delay was mainly due to neutral reasons, Ramirez asserted his right late, and he failed to show specific prejudice, also overruling the 'cavalier disregard' standard for delay attribution.",concur
2,2022AP959-CR_Wisconsin_2025/06/27,Ziegler,Concurred with majority opinion.,concur
3,2022AP959-CR_Wisconsin_2025/06/27,Dallet,"Concurred, but did not join specific paragraphs of the majority opinion due to their adversarial tone.",concur
4,2022AP959-CR_Wisconsin_2025/06/27,Hagedorn,Concurred with majority opinion.,concur
5,2022AP959-CR_Wisconsin_2025/06/27,Karofsky,"Concurred, emphasizing the importance of balancing victims' rights alongside those of the State and defendants in speedy trial cases.",concur
6,2022AP959-CR_Wisconsin_2025/06/27,Ann Walsh Bradley,"Concurred, but argued the majority's analytical shortcut creates an overly exacting standard for defendants to prove speedy trial violations, giving too much weight to the defendant's delay in asserting their right and too little to the accumulation of neutral delays attributable to the State.",concur
7,2022AP959-CR_Wisconsin_2025/06/27,Janet C. Protasiewicz,Concurred with Chief Justice Ann Walsh Bradley's opinion.,concur
8,2024AP1713_Wisconsin_2025/06/25,Rebecca Grassl Bradley,"Concurred, argued that the governor exceeded constitutional boundaries by partially vetoing a non-appropriation bill and that the legislature's appropriation of funds to JCF, not DPI, was proper.",concur
9,2022AP790_Wisconsin_2025/06/17,Brian Hagedorn,"Concurred, argued that the power to settle civil enforcement actions and cases brought at the request of executive-branch agencies falls within the core executive powers, and the legislative approval requirement unconstitutionally violates the separation of powers.",concur
10,2024AP330-OA_Wisconsin_2025/07/02,Annette Kingsland Ziegler,"Concurred, arguing that the case did not belong before the court and the initial petition should not have been granted, but that the court's role is to decide important legal matters.",concur
11,2024AP330-OA_Wisconsin_2025/07/02,Ann Walsh Bradley,Concurred with majority opinion.,concur
12,2024AP330-OA_Wisconsin_2025/07/02,Rebecca Frank Dallet,Concurred with majority opinion.,concur
13,2024AP330-OA_Wisconsin_2025/07/02,Janet C. Protasiewicz,Concurred with majority opinion.,concur
14,2024AP330-OA_Wisconsin_2025/07/02,Rebecca Grassl Bradley,"Dissented from the court's initial decision to grant the original action petition, arguing it was an improper exercise of political power and should not have been decided.",dissent
15,2024AP330-OA_Wisconsin_2025/07/02,Brian Hagedorn,"Dissented from the court's initial decision to grant the original action petition, arguing the court's actions were perplexing, outcome-oriented, and bypassed normal litigation.",dissent
16,2023AP002362_Wisconsin_2025/07/02,Rebecca Frank Dallet,"Concurred, delivering the majority opinion which held that comprehensive legislation enacted over 50 years impliedly repealed the 19th-century near-total abortion ban in Wisconsin.",concur
17,2023AP002362_Wisconsin_2025/07/02,Jill J. Karofsky,"Concurred, emphasizing the severe and deadly consequences of abortion restrictions, advocating for the protection of women's health and well-being, and asserting the majority's decision shielded women from such consequences.",concur
18,2023AP002362_Wisconsin_2025/07/02,Ann Walsh Bradley,Concurred with majority opinion.,concur
19,2023AP002362_Wisconsin_2025/07/02,Janet Protasiewicz,Concurred with majority opinion.,concur
20,2023AP002362_Wisconsin_2025/07/02,Annette Kingsland Ziegler,"Dissented, arguing the majority's decision was an exercise of judicial will that usurped the legislature's role, applied a flawed interpretation of implied repeal, and allowed personal preferences to override legal analysis, thereby undermining the constitutional order.",dissent
21,2023AP002362_Wisconsin_2025/07/02,Rebecca Grassl Bradley,"Dissented, arguing the majority engaged in judicial activism by erasing a disliked law, distorting history, and undermining democratic principles, and also joined Justice Hagedorn's dissent.",dissent
22,2023AP002362_Wisconsin_2025/07/02,Brian K. Hagedorn,"Dissented, arguing the court unconstitutionally deleted a duly enacted law by misapplying the implied repeal doctrine, ignoring clear legislative intent to preserve the statute, and engaging in judicial policymaking.",dissent
23,2023AP002020---OA_Wisconsin_2025/07/08,Jill J. Karofsky,"Concurred, argued that JCRAR's statutes violate bicameralism and presentment by altering legal rights and duties outside the legislative branch without proper lawmaking procedures.",concur
24,2023AP002020---OA_Wisconsin_2025/07/08,Ann Walsh Bradley,Concurred with majority opinion.,concur
25,2023AP002020---OA_Wisconsin_2025/07/08,Rebecca Frank Dallet,Concurred with majority opinion.,concur
26,2023AP002020---OA_Wisconsin_2025/07/08,Anthony O. Protasiewicz,Concurred with majority opinion.,concur
27,2023AP002020---OA_Wisconsin_2025/07/08,Brian K. Hagedorn,"Concurred in part and dissented in part, argued that JCRAR's indefinite objection to the commercial building code rule was unconstitutional based on existing precedent, but dissented from the broad facial ruling as an overreach based on deficient arguments and creating more questions than answers.",other
28,2023AP002020---OA_Wisconsin_2025/07/08,Annette Kingsland Ziegler,"Dissented, argued that the majority's decision unbalances state government, overrules decades of precedent without textual analysis of the Wisconsin Constitution, and inconsistently applies constitutional principles, empowering the executive branch at the expense of the legislative.",dissent
29,2023AP002020---OA_Wisconsin_2025/07/08,Rebecca Grassl Bradley,"Dissented, argued the majority's decision transfers power from elected representatives to unelected bureaucrats, undermines the nondelegation principle, and ignores the Wisconsin Constitution's text, thereby diminishing the People's liberty and sovereignty.",dissent
30,24AP729-OA_Wisconsin_2025/04/18,Jill J. Karofsky,"Concurred, arguing that the governor's partial vetoes were constitutional, satisfying all four deletion-veto principles, and that striking digits to create new numbers does not violate the constitution's prohibition against creating new words from letters.",concur
31,24AP729-OA_Wisconsin_2025/04/18,Ann Walsh Bradley,Concurred with majority opinion.,concur
32,24AP729-OA_Wisconsin_2025/04/18,Rebecca Frank Dallet,"Concurred, arguing that the petitioners' substantive-part analysis, which claims the vetoed result must be ""less than"" the original, is incompatible with prior case law and should be rejected, thus upholding the vetoes as consistent with precedent.",concur
33,24AP729-OA_Wisconsin_2025/04/18,Janet C. Protasiewicz,Concurred with majority opinion.,concur
34,24AP729-OA_Wisconsin_2025/04/18,Brian Hagedorn,"Dissented, arguing that the governor's partial veto power was abused to unilaterally create new law, transforming a two-year tax increase into a 400-year one, which is repugnant to the constitutional structure and legislative lawmaking authority.",dissent
35,24AP729-OA_Wisconsin_2025/04/18,Annette Kingsland Ziegler,Dissented with majority opinion.,dissent
36,24AP729-OA_Wisconsin_2025/04/18,Rebecca Grassl Bradley,Dissented with majority opinion.,dissent
37,2024AP000232_Wisconsin_2025/02/18,Jill J. Karofsky,"Concurred, argued that Kenneth Brown lacked standing because he did not suffer a legally recognized personal injury from the WEC's decision, as required to be ""aggrieved"" under state law.",concur
38,2024AP000232_Wisconsin_2025/02/18,Ann Walsh Bradley,Concurred with the majority opinion.,concur
39,2024AP000232_Wisconsin_2025/02/18,Dallet,Concurred with the majority opinion.,concur
40,2024AP000232_Wisconsin_2025/02/18,Protasiewicz,Concurred with the majority opinion.,concur
41,2024AP000232_Wisconsin_2025/02/18,Annette Kingsland Ziegler,"Dissented, argued that Brown had standing because he possesses a legal right to ensure local election officials comply with the law, and the alleged failure to conduct elections lawfully harmed that right.",dissent
42,2024AP000232_Wisconsin_2025/02/18,Rebecca Grassl Bradley,"Dissented, argued that the majority misinterprets the term ""aggrieved"" by not recognizing that a complainant who loses before WEC in an election matter has a statutory right to judicial review.",dissent
43,2024AP000232_Wisconsin_2025/02/18,Brian Hagedorn,"Dissented, argued that the legislature conferred a legal right upon voters to ensure local election officials comply with election laws, which should grant standing for judicial review.",dissent
44,2020AP1876-CR_Wisconsin_2024/03/18,Annette Kingsland Ziegler,"Concurred, argued the prosecutor's statements describing the State's evidence as ""uncontroverted"" were not comments on the defendant's silence but rather directed the jury to consider only the evidence presented at trial, thus not violating Fifth Amendment rights.",concur
45,2020AP1876-CR_Wisconsin_2024/03/18,Patience Drake Roggensack,Concurred with majority opinion.,concur
46,2020AP1876-CR_Wisconsin_2024/03/18,Rebecca Grassl Bradley,Concurred with majority opinion and with Justice Hagedorn's separate concurrence.,concur
47,2020AP1876-CR_Wisconsin_2024/03/18,Brian Hagedorn,"Concurred, argued the majority's faithful application of existing Supreme Court precedent and the Fifth Amendment's original meaning support the decision not to further extend the prohibition against prosecutor comments on a defendant's silence.",concur
48,2020AP1876-CR_Wisconsin_2024/03/18,Karofsky,Concurred with majority opinion.,concur
49,2020AP1876-CR_Wisconsin_2024/03/18,Rebecca Frank Dallet,"Dissented, argued the prosecutor's repeated characterization of evidence as ""uncontroverted"" where only the defendant could rebut it, constituted an indirect comment on the defendant's decision not to testify, violating Fifth Amendment rights.",dissent
50,2020AP1876-CR_Wisconsin_2024/03/18,Ann Walsh Bradley,Dissented with Justice Dallet's opinion.,dissent
51,2024AP164_Wisconsin_2024/07/05,Ann Walsh Bradley,"Concurred, arguing that Wis. Stat. § 6.87(4)(b)1 allows the use of ballot drop boxes and that the previous Teigen ruling was unsound in principle and should be overruled.",concur
52,2024AP164_Wisconsin_2024/07/05,Dallet,Concurred with majority opinion.,concur
53,2024AP164_Wisconsin_2024/07/05,Karofsky,Concurred with majority opinion.,concur
54,2024AP164_Wisconsin_2024/07/05,Protasiewicz,Concurred with majority opinion.,concur
55,2024AP164_Wisconsin_2024/07/05,Rebecca Grassl Bradley,"Dissented, arguing that the majority abused the rule of law by overturning Teigen and replaced a reasonable interpretation of the law with a politically motivated decision.",dissent
56,2024AP164_Wisconsin_2024/07/05,Annette Kingsland Ziegler,Dissented with minority opinion.,dissent
57,2024AP164_Wisconsin_2024/07/05,Brian Hagedorn,Dissented with minority opinion.,dissent
58,2020AP2007_Wisconsin_2024/03/14,Ann Walsh Bradley,"Concurred, argued that both the motivations and activities of an organization must be examined to determine if it is operated primarily for religious purposes, and found that CCB's activities were primarily charitable and secular, not religious.",concur
59,2020AP2007_Wisconsin_2024/03/14,Dallet,Concurred with majority opinion.,concur
60,2020AP2007_Wisconsin_2024/03/14,Karofsky,Concurred with majority opinion.,concur
61,2020AP2007_Wisconsin_2024/03/14,Protasiewicz,Concurred with majority opinion.,concur
62,2020AP2007_Wisconsin_2024/03/14,Rebecca Grassl Bradley,"Dissented, argued that the majority misinterprets the statute by adding an ""activities"" requirement, resulting in unconstitutional religious discrimination, excessive government entanglement in religious affairs, and a violation of the Free Exercise Clause.",dissent
63,2020AP2007_Wisconsin_2024/03/14,Annette Kingsland Ziegler,"Dissented, argued that the majority misinterprets the statute, leading to unconstitutional religious discrimination and excessive government entanglement.",dissent
64,2020AP2007_Wisconsin_2024/03/14,Brian Hagedorn,"Dissented, agreed with the statutory construction in Justice Rebecca Grassl Bradley's dissent and the critique of the majority's reliance on the remedial statute canon, but did not reach constitutional questions.",dissent
65,2022AP1233_Wisconsin_2023/06/29,Rebecca Grassl Bradley,"Concurred with the majority opinion, affirming that the Transportation Utility Fee is a property tax subject to municipal levy limits, and further argued that the court should have also addressed the plaintiff's Uniformity Clause claim and that the fee violates the Uniformity Clause.",concur
66,2022AP1233_Wisconsin_2023/06/29,Patience Drake Roggensack,"Concurred with the majority opinion and joined Judge Bradley's concurring opinion, agreeing that the court should have addressed the Uniformity Clause claim and that the fee violates it.",concur
67,2022AP91_Wisconsin_2022/07/08,Rebecca Grassl Bradley,"Concurred, arguing that WEC's memos authorizing ballot drop boxes and agent delivery of absentee ballots are unlawful because they conflict with Wisconsin statutes requiring personal delivery or mailing by the elector to the municipal clerk's office or a designated alternate site. She also argued that WEC's memos should have been formally promulgated as administrative rules.",concur
68,2022AP91_Wisconsin_2022/07/08,Annette Kingsland Ziegler,Concurred with majority opinion and Justice Rebecca Grassl Bradley's concurring opinion.,concur
69,2022AP91_Wisconsin_2022/07/08,Patience Drake Roggensack,"Concurred, arguing that only the elector shall mail the absentee ballot to the municipal clerk, emphasizing the personal nature of ballot return.",concur
70,2022AP91_Wisconsin_2022/07/08,Brian Hagedorn,"Concurred, finding that WEC's memos are invalid because unstaffed drop boxes are not permitted and personal delivery requires a person-to-person exchange with the municipal clerk or an authorized representative at the clerk's office or designated alternate site. He disagreed with the majority's standing analysis, but found Teigen had standing based on Wis. Stat. § 5.06.",concur
71,2022AP91_Wisconsin_2022/07/08,Ann Walsh Bradley,"Dissented, arguing that the majority's decision creates an unnecessary barrier to voting, especially for rural and disabled voters, by prohibiting drop boxes and agent delivery, and that the majority's statutory interpretation is flawed and sows distrust in elections.",dissent
72,2022AP91_Wisconsin_2022/07/08,Rebecca Frank Dallet,Dissented with Justice Ann Walsh Bradley's dissenting opinion.,dissent
73,2022AP91_Wisconsin_2022/07/08,Jill J. Karofsky,Dissented with Justice Ann Walsh Bradley's dissenting opinion.,dissent
74,2023-AP-001399_Wisconsin_2023/12/22,Jill J. Karofsky,"Concurred and delivered the majority opinion, holding that legislative districts must be physically contiguous and that current maps violate this, while also stating the ""least change"" approach is unworkable and overruling previous applications of it.",concur
75,2023-AP-001399_Wisconsin_2023/12/22,Ann Walsh Bradley,Concurred with the majority opinion.,concur
76,2023-AP-001399_Wisconsin_2023/12/22,Dallet,Concurred with the majority opinion.,concur
77,2023-AP-001399_Wisconsin_2023/12/22,Protasiewicz,Concurred with the majority opinion.,concur
78,2023-AP-001399_Wisconsin_2023/12/22,Annette Kingsland Ziegler,"Dissented, arguing that the majority's decision is judicial activism, improperly overrules recent precedent on redistricting, and misapplies legal doctrines like stare decisis, judicial estoppel, and laches due to political motivations.",dissent
79,2023-AP-001399_Wisconsin_2023/12/22,Rebecca Grassl Bradley,"Dissented, arguing that the majority's decision is a partisan power grab that disregards established legal precedent and procedures, and that the current maps were previously deemed contiguous by the court.",dissent
80,2023-AP-001399_Wisconsin_2023/12/22,Brian Hagedorn,"Dissented, arguing that the court's decision is politically motivated, improperly overturns a resolved issue, and abandons established legal principles like finality in litigation, standing, and stare decisis.",dissent
81,2021AP1450-OA_Wisconsin_2024/03/01,Janet C. Protasiewicz,Did not participate in the decision.,other
82,2021AP1450-OA_Wisconsin_2024/03/01,Rebecca Grassl Bradley,"Concurred, argued that while the denial of the motion was correct, the court's new majority has abandoned precedent and uses its power for partisan agendas, harming the court's independence and integrity regarding redistricting cases.",concur
83,2021AP1450-OA_Wisconsin_2024/03/01,Annette Kingsland Ziegler,"Concurred, agreeing with Justice Bradley's opinion that while the denial of the motion was correct, the court's new majority has abandoned precedent and used its power for partisan agendas, harming the court's independence and integrity.",concur
84,2019AP664-CR_Wisconsin_2023/05/16,Rebecca Frank Dallet,"Concurred, arguing that Shiffra was unsound in principle, unworkable in practice, and detrimental to the coherence of the law, warranting its overruling.",concur
85,2019AP664-CR_Wisconsin_2023/05/16,Janice S. Roggensack,Concurred with majority opinion.,concur
86,2019AP664-CR_Wisconsin_2023/05/16,Brian Hagedorn,Concurred with majority opinion.,concur
87,2019AP664-CR_Wisconsin_2023/05/16,Jill J. Karofsky,"Concurred, arguing that Shiffra created an unworkable dilemma for victims by compromising their privacy and undermining the therapist-patient relationship.",concur
88,2019AP664-CR_Wisconsin_2023/05/16,Rebecca Grassl Bradley,"Concurred, arguing that Shiffra objectively misinterpreted federal due process rights and usurped legislative power, criticizing the majority's use of public policy arguments as a basis for overturning precedent.",concur
89,2019AP664-CR_Wisconsin_2023/05/16,Ann Walsh Bradley,"Dissented, arguing that Shiffra provided a workable and well-established procedure for balancing defendants' and victims' rights, and the majority wrongly disregarded stare decisis and misapplied its factors.",dissent
90,2019AP664-CR_Wisconsin_2023/05/16,Annette Kingsland Ziegler,"Dissented, arguing that Shiffra provided a workable and well-established procedure for balancing defendants' and victims' rights, and the majority wrongly disregarded stare decisis and misapplied its factors.",dissent
91,2020AP2003_Wisconsin_2023/05/16,Brian Hagedorn,"Concurred, argued that Marsy's Law was validly ratified as the ballot question was not fundamentally counterfactual and involved a single general purpose, and separately argued for re-embracing the distinction between binding precedent and non-binding dicta.",concur
92,2020AP2003_Wisconsin_2023/05/16,Rebecca Grassl Bradley,"Concurred, argued that the ""every essential"" test is incompatible with the political question doctrine and that judicial power does not extend to all constitutional questions.",concur
93,2020AP2003_Wisconsin_2023/05/16,Annette Kingsland Ziegler,"Concurred, joined Justice Rebecca Grassl Bradley's concurrence.",concur
94,2020AP2003_Wisconsin_2023/05/16,Patience Drake Roggensack,"Concurred, joined Justice Rebecca Grassl Bradley's concurrence.",concur
95,2020AP2003_Wisconsin_2023/05/16,Rebecca Frank Dallet,"Concurred, argued that Marsy's Law was validly adopted but criticized the majority's narrow interpretation of ""submitted to the people"" and its originalist methodology, advocating for a test requiring ballot questions to accurately summarize significant changes.",concur
96,2020AP2003_Wisconsin_2023/05/16,Jill J. Karofsky,"Concurred, joined Justice Rebecca Frank Dallet's concurrence.",concur
97,2020AP2003_Wisconsin_2023/05/16,Ann Walsh Bradley,"Dissented, argued the majority wrongly dismissed the established ""every essential"" test from Ekern and that the ballot question failed to inform voters about the diminution of criminal defendants' rights, thereby undermining democracy.",dissent
98,"2021AP1343,-2021AP1382_Wisconsin_2023/05/02",Brian Hagedorn,"Concurred, argued that the motion for reconsideration did not meet the court's standards and defended his original 'text-and-history' approach to nondelegation as valid, noting petitioners failed to present an originalist case.",concur
99,"2021AP1343,-2021AP1382_Wisconsin_2023/05/02",Rebecca Grassl Bradley,"Dissented, argued that the majority's denial of reconsideration perpetuated errors in statutory interpretation, undermined the constitutional separation of powers, and allowed unelected bureaucrats to exercise legislative authority, thus eroding democratic norms.",dissent
100,"2021AP1343,-2021AP1382_Wisconsin_2023/05/02",Annette Kingsland Ziegler,"Dissented, argued that the majority erred in its interpretation, joining Justice Bradley's dissent.",dissent
101,"2021AP1343,-2021AP1382_Wisconsin_2023/05/02",Patience Drake Roggensack,"Dissented, argued that the majority erred in its interpretation, joining Justice Bradley's dissent.",dissent
102,2019AP2184-CR_Wisconsin_2022/11/23,Annette Kingsland Ziegler,"Concurred, argued that the affidavit fulfilled the oath or affirmation requirement because the officer's actions and the document's language sufficiently demonstrated an obligation to tell the truth, prioritizing substance over form.",concur
103,2019AP2184-CR_Wisconsin_2022/11/23,Patience Roggensack,Concurred with majority opinion.,concur
104,2019AP2184-CR_Wisconsin_2022/11/23,Rebecca Grassl Bradley,Concurred with majority opinion.,concur
105,2019AP2184-CR_Wisconsin_2022/11/23,Brian Hagedorn,"Concurred, argued that the Fourth Amendment requirement for an oath or affirmation was met as the affiant made a statement affirming truth under circumstances that impressed a solemn obligation, though it was a close call.",concur
106,2019AP2184-CR_Wisconsin_2022/11/23,Jill J. Karofsky,"Concurred, argued that the Fourth Amendment requirement for an oath or affirmation was met as the affiant made a statement affirming truth under circumstances that impressed a solemn obligation, though it was a close call.",concur
107,2019AP2184-CR_Wisconsin_2022/11/23,Ann Walsh Bradley,"Dissented, argued that the oath or affirmation requirement is a constitutional imperative, not merely a matter of good practice or subjective intent, and the affidavit's false assertion of being 'duly sworn' meant no actual oath was taken.",dissent
108,2019AP2184-CR_Wisconsin_2022/11/23,Rebecca Frank Dallet,"Dissented, argued that the oath or affirmation requirement is a constitutional imperative, not merely a matter of good practice or subjective intent, and the affidavit's false assertion of being 'duly sworn' meant no actual oath was taken.",dissent
109,2020AP1032_Wisconsin_2022/07/08,BRIAN HAGEDORN,"Concurred, argued that the circuit court did not erroneously exercise its discretion by requiring parents to disclose their identities to opposing attorneys while allowing them to keep their names sealed from the public and the district, and declined to rule on the merits of the underlying policy or grant an injunction at this preliminary stage.",concur
110,2020AP1032_Wisconsin_2022/07/08,ANN WALSH BRADLEY,Concurred with majority opinion.,concur
111,2020AP1032_Wisconsin_2022/07/08,DALLET,Concurred with majority opinion.,concur
112,2020AP1032_Wisconsin_2022/07/08,KAROFSKY,Concurred with majority opinion.,concur
113,2020AP1032_Wisconsin_2022/07/08,PATIENCE DRAKE ROGGENSACK,"Dissented, argued that the majority abdicated its responsibility by failing to address the fundamental constitutional right of parents to raise their children as they see fit and erred by not granting a temporary injunction against the school district's policy.",dissent
114,2020AP1032_Wisconsin_2022/07/08,ANNETTE KINGSLAND ZIEGLER,Dissented with Justice Roggensack's opinion.,dissent
115,2020AP1032_Wisconsin_2022/07/08,REBECCA GRASSL BRADLEY,Dissented with Justice Roggensack's opinion.,dissent
116,2021AP1673_Wisconsin_2022/06/29,Annette Kingsland Ziegler,"Concurred, argued that Prehn lawfully retains his position as a holdover on the DNR Board because his term's expiration did not create a vacancy under state statutes, and he is entitled to ""for cause"" protection.",concur
117,2021AP1673_Wisconsin_2022/06/29,Patience D. Roggensack,Concurred with majority opinion.,concur
118,2021AP1673_Wisconsin_2022/06/29,Rebecca Grassl Bradley,Concurred with majority opinion.,concur
119,2021AP1673_Wisconsin_2022/06/29,Brian Hagedorn,Concurred with majority opinion.,concur
120,2021AP1673_Wisconsin_2022/06/29,Rebecca Frank Dallet,"Dissented, argued that Prehn's office became vacant upon the expiration of his term, and the majority's holding creates an absurd outcome that undermines the separation of powers and allows an unelected official to dictate their term.",dissent
121,2021AP1673_Wisconsin_2022/06/29,Ann Walsh Bradley,Dissented with majority opinion.,dissent
122,2021AP1673_Wisconsin_2022/06/29,Jill J. Karofsky,Dissented with majority opinion.,dissent
123,"2020AP1419-OA,-2020AP1420-OA,-2020AP1446-OA_Wisconsin_2021/06/11",Rebecca Grassl Bradley,"Concurred, argued that the local health officer lacked statutory authority to close schools and that the order violated the petitioners' fundamental right to free exercise of religion.",concur
124,"2020AP1419-OA,-2020AP1420-OA,-2020AP1446-OA_Wisconsin_2021/06/11",Ziegler,Concurred with majority opinion.,concur
125,"2020AP1419-OA,-2020AP1420-OA,-2020AP1446-OA_Wisconsin_2021/06/11",Roggensack,Concurred with majority opinion.,concur
126,"2020AP1419-OA,-2020AP1420-OA,-2020AP1446-OA_Wisconsin_2021/06/11",Brian Hagedorn,"Concurred, argued that the majority correctly interpreted the statutes and applied religious liberty protections, but expressed reservations about the majority's reasoning for addressing constitutional questions when statutory grounds were sufficient.",concur
127,"2020AP1419-OA,-2020AP1420-OA,-2020AP1446-OA_Wisconsin_2021/06/11",Rebecca Frank Dallet,"Dissented, argued that the local health officer had statutory authority to close schools and that the majority's constitutional analysis was unnecessary and flawed.",dissent
128,"2020AP1419-OA,-2020AP1420-OA,-2020AP1446-OA_Wisconsin_2021/06/11",Ann Walsh Bradley,Dissented with majority opinion.,dissent
129,"2020AP1419-OA,-2020AP1420-OA,-2020AP1446-OA_Wisconsin_2021/06/11",Jill J. Karofsky,Dissented with majority opinion.,dissent
130,2019AP447-CR_Wisconsin_2021/06/04,Patience Drake Roggensack,"Concurred, argued that VanBeek was not seized when the officer initially took her license for a records check, but was unlawfully seized when the officer returned, withheld her license, and continued questioning to detain her until a K9 unit arrived, without reasonable suspicion.",concur
131,2019AP447-CR_Wisconsin_2021/06/04,Rebecca Frank Dallet,"Concurred, argued that VanBeek was unlawfully seized both when the officer took her license to his squad car for a records check and when he returned to her vehicle, as a reasonable person would not feel free to leave in either scenario.",concur
132,2019AP447-CR_Wisconsin_2021/06/04,Ann Walsh Bradley,Concurred with the majority's decision that VanBeek was unlawfully seized and joined Justice Dallet's concurring opinion.,concur
133,2019AP447-CR_Wisconsin_2021/06/04,Jill J. Karofsky,Concurred with the majority's decision that VanBeek was unlawfully seized and joined Justice Dallet's concurring opinion.,concur
134,2019AP447-CR_Wisconsin_2021/06/04,Annette Kingsland Ziegler,"Dissented, argued that VanBeek was not seized when the officer took her license to his squad car nor when he returned and continued questioning, as VanBeek remained free to ask for her license back and terminate the consensual encounter.",dissent
135,2019AP447-CR_Wisconsin_2021/06/04,Rebecca Grassl Bradley,"Dissented with majority opinion, joining Chief Justice Ziegler's dissenting opinion.",dissent
136,2019AP447-CR_Wisconsin_2021/06/04,Brian K. Hagedorn,"Dissented with majority opinion, joining Chief Justice Ziegler's dissenting opinion.",dissent
137,2018AP858-CR_Wisconsin_2021/01/29,Brian Hagedorn,"Concurred, delivering the majority opinion that rejected a per se rule for Miranda custody for incarcerated individuals and found Halverson not in custody under the totality of circumstances, thus denying the motion to suppress his statements.",concur
138,2018AP858-CR_Wisconsin_2021/01/29,Rebecca Grassl Bradley,"Concurred, argued that the Knapp II decision, which expanded Wisconsin constitutional protections beyond federal ones, lacked textual or historical grounding and should be revisited.",concur
139,2018AP858-CR_Wisconsin_2021/01/29,Annette Kingsland Ziegler,"Concurred, argued that the Knapp II decision, which expanded Wisconsin constitutional protections beyond federal ones, lacked textual or historical grounding and should be revisited, aligning with Justice Bradley.",concur
140,2018AP858-CR_Wisconsin_2021/01/29,Rebecca Frank Dallet,"Concurred, argued that the Wisconsin Constitution provides greater protections than the federal constitution and criticized the majority for not upholding the state's tradition of independent interpretation, while agreeing with the outcome of this specific case.",concur
141,2018AP858-CR_Wisconsin_2021/01/29,Ann Walsh Bradley,"Concurred, argued that the Wisconsin Constitution provides greater protections than the federal constitution and criticized the majority for not upholding the state's tradition of independent interpretation, aligning with Justice Dallet.",concur
142,2018AP858-CR_Wisconsin_2021/01/29,Jill J. Karofsky,"Concurred, argued that the Wisconsin Constitution provides greater protections than the federal constitution and criticized the majority for not upholding the state's tradition of independent interpretation, aligning with Justice Dallet.",concur
